arial-000.jpg,greenback
arial-001.jpg,diasyrm
arial-002.jpg,perorative
arial-003.jpg,torpedo
arial-004.jpg,tehseel
arial-005.jpg,bepimple
arial-006.jpg,resoap
arial-007.jpg,dompt
arial-008.jpg,pangolin
arial-009.jpg,celibatory
arial-010.jpg,Leonurus
arial-011.jpg,Kongolese
arial-012.jpg,Wakore
arial-013.jpg,goalie
arial-014.jpg,atragene
arial-015.jpg,valiancy
arial-016.jpg,chirimen
arial-017.jpg,Eriocomi
arial-018.jpg,expiate
arial-019.jpg,peachwood
arial-020.jpg,try
arial-021.jpg,idolum
arial-022.jpg,Myrtilus
arial-023.jpg,aumbry
arial-024.jpg,harman
arial-025.jpg,nonliquid
arial-026.jpg,unhaunt
arial-027.jpg,bewrayment
arial-028.jpg,oxhuvud
arial-029.jpg,Getae
arial-030.jpg,pollbook
arial-031.jpg,idolodulia
arial-032.jpg,adjoin
arial-033.jpg,cateran
arial-034.jpg,polyandric
arial-035.jpg,mammate
arial-036.jpg,amongst
arial-037.jpg,yuletide
arial-038.jpg,gauby
arial-039.jpg,knifeboard
arial-040.jpg,rice
arial-041.jpg,antifreeze
arial-042.jpg,phylliform
arial-043.jpg,saturnalia
arial-044.jpg,inkslinger
arial-045.jpg,heptanone
arial-046.jpg,murrain
arial-047.jpg,Serpentes
arial-048.jpg,colloblast
arial-049.jpg,ragtimey
arial-050.jpg,nativist
arial-051.jpg,disinherit
arial-052.jpg,quadrivial
arial-053.jpg,zoonotic
arial-054.jpg,Cynias
arial-055.jpg,sabulous
arial-056.jpg,uranotil
arial-057.jpg,picnickish
arial-058.jpg,shoptalk
arial-059.jpg,ashery
arial-060.jpg,rheumy
arial-061.jpg,crissal
arial-062.jpg,olivinitic
arial-063.jpg,Diaporthe
arial-064.jpg,contour
arial-065.jpg,uptrend
arial-066.jpg,pabulatory
arial-067.jpg,trap
arial-068.jpg,palpacle
arial-069.jpg,Akwapim
arial-070.jpg,simonism
arial-071.jpg,isomer
arial-072.jpg,overusual
arial-073.jpg,killer
arial-074.jpg,axtree
arial-075.jpg,actuator
arial-076.jpg,betulinol
arial-077.jpg,mortgage
arial-078.jpg,uzaron
arial-079.jpg,propagable
arial-080.jpg,microbian
arial-081.jpg,lilaceous
arial-082.jpg,amphisarca
arial-083.jpg,grampa
arial-084.jpg,unbrailed
arial-085.jpg,Harderian
arial-086.jpg,dowp
arial-087.jpg,unhurt
arial-088.jpg,arrogation
arial-089.jpg,miasmatous
arial-090.jpg,shaded
arial-091.jpg,razzly
arial-092.jpg,jug
arial-093.jpg,unhurrying
arial-094.jpg,unperjured
arial-095.jpg,wondersome
arial-096.jpg,Esperantic
arial-097.jpg,phonotypic
arial-098.jpg,nebulated
arial-099.jpg,graze
arial-100.jpg,trivia
arial-101.jpg,spaver
arial-102.jpg,leecher
arial-103.jpg,life
arial-104.jpg,guessable
arial-105.jpg,dialect
arial-106.jpg,Mahomet
arial-107.jpg,Abby
arial-108.jpg,pistillar
arial-109.jpg,oncometric
arial-110.jpg,scruff
arial-111.jpg,windage
arial-112.jpg,Eskimoic
arial-113.jpg,methanoic
arial-114.jpg,Cuon
arial-115.jpg,schmaltz
arial-116.jpg,decayless
arial-117.jpg,ableeze
arial-118.jpg,mizzonite
arial-119.jpg,horsegate
arial-120.jpg,enderonic
arial-121.jpg,myrmecoidy
arial-122.jpg,uniporous
arial-123.jpg,distraite
arial-124.jpg,sickishly
arial-125.jpg,skunklet
arial-126.jpg,navalist
arial-127.jpg,enrough
arial-128.jpg,errorist
arial-129.jpg,mud
arial-130.jpg,ovogenous
arial-131.jpg,manche
arial-132.jpg,cenacle
arial-133.jpg,delayful
arial-134.jpg,tauranga
arial-135.jpg,Yagnob
arial-136.jpg,urologic
arial-137.jpg,enjoy
arial-138.jpg,farcinoma
arial-139.jpg,sanguisuge
arial-140.jpg,unstormed
arial-141.jpg,Reub
arial-142.jpg,lappet
arial-143.jpg,barracker
arial-144.jpg,armorist
arial-145.jpg,Ramist
arial-146.jpg,bodied
arial-147.jpg,recision
arial-148.jpg,Sodomite
arial-149.jpg,nucal
arial-150.jpg,blessingly
arial-151.jpg,edger
arial-152.jpg,Madeiran
arial-153.jpg,pipit
arial-154.jpg,unslighted
arial-155.jpg,meditation
arial-156.jpg,unwhistled
arial-157.jpg,belove
arial-158.jpg,stouten
arial-159.jpg,fistular
arial-160.jpg,waspishly
arial-161.jpg,somnambule
arial-162.jpg,langsat
arial-163.jpg,mayhappen
arial-164.jpg,hexabasic
arial-165.jpg,reinsman
arial-166.jpg,peacockly
arial-167.jpg,connubiate
arial-168.jpg,spitter
arial-169.jpg,hellebore
arial-170.jpg,cogwheel
arial-171.jpg,surveyage
arial-172.jpg,paneling
arial-173.jpg,stigmaria
arial-174.jpg,Tinne
arial-175.jpg,Messiah
arial-176.jpg,subarmor
arial-177.jpg,lintern
arial-178.jpg,conversant
arial-179.jpg,dizziness
arial-180.jpg,zygobranch
arial-181.jpg,swamp
arial-182.jpg,unshod
arial-183.jpg,pactional
arial-184.jpg,lotto
arial-185.jpg,fairlike
arial-186.jpg,tervariant
arial-187.jpg,viatic
arial-188.jpg,chickhood
arial-189.jpg,catwood
arial-190.jpg,Apargia
arial-191.jpg,whimsied
arial-192.jpg,asynaptic
arial-193.jpg,Aphrodite
arial-194.jpg,chokebore
arial-195.jpg,Shakeress
arial-196.jpg,Nassidae
arial-197.jpg,trisporous
arial-198.jpg,sporosac
arial-199.jpg,unmussed
arial-200.jpg,optimum
arial-201.jpg,nosewise
arial-202.jpg,wawa
arial-203.jpg,pappiform
arial-204.jpg,plead
arial-205.jpg,shotgun
arial-206.jpg,imperious
arial-207.jpg,distater
arial-208.jpg,uninimical
arial-209.jpg,unlooted
arial-210.jpg,cannaceous
arial-211.jpg,roccelline
arial-212.jpg,erythrean
arial-213.jpg,proteose
arial-214.jpg,remiges
arial-215.jpg,distilled
arial-216.jpg,periblast
arial-217.jpg,Brauronian
arial-218.jpg,athing
arial-219.jpg,prepoetic
arial-220.jpg,cobra
arial-221.jpg,trikerion
arial-222.jpg,isocoria
arial-223.jpg,analyse
arial-224.jpg,apology
arial-225.jpg,Cobleskill
arial-226.jpg,gumfield
arial-227.jpg,dementedly
arial-228.jpg,seamy
arial-229.jpg,hardpan
arial-230.jpg,wither
arial-231.jpg,joke
arial-232.jpg,telluride
arial-233.jpg,residenter
arial-234.jpg,gali
arial-235.jpg,deknight
arial-236.jpg,pulvino
arial-237.jpg,banisher
arial-238.jpg,delivery
arial-239.jpg,tenantism
arial-240.jpg,aerophobic
arial-241.jpg,algebraic
arial-242.jpg,geckotoid
arial-243.jpg,dextrality
arial-244.jpg,globulite
arial-245.jpg,Wend
arial-246.jpg,kerosene
arial-247.jpg,cereless
arial-248.jpg,scarman
arial-249.jpg,profanize
arial-250.jpg,lean
arial-251.jpg,dacite
arial-252.jpg,outporter
arial-253.jpg,underpier
arial-254.jpg,piazzian
arial-255.jpg,solmizate
arial-256.jpg,parkway
arial-257.jpg,zoons
arial-258.jpg,scuff
arial-259.jpg,zacate
arial-260.jpg,trierarch
arial-261.jpg,irenically
arial-262.jpg,connivancy
arial-263.jpg,onofrite
arial-264.jpg,frigoric
arial-265.jpg,thoroughly
arial-266.jpg,creese
arial-267.jpg,recomplete
arial-268.jpg,paned
arial-269.jpg,tannaitic
arial-270.jpg,Gaulic
arial-271.jpg,ambital
arial-272.jpg,taskwork
arial-273.jpg,leguan
arial-274.jpg,tennantite
arial-275.jpg,lypemania
arial-276.jpg,rabific
arial-277.jpg,unfeasted
arial-278.jpg,cholestane
arial-279.jpg,ferrum
arial-280.jpg,damager
arial-281.jpg,Spring
arial-282.jpg,cryophoric
arial-283.jpg,tarsia
arial-284.jpg,convector
arial-285.jpg,nooning
arial-286.jpg,virginally
arial-287.jpg,stella
arial-288.jpg,cacodoxian
arial-289.jpg,ravensara
arial-290.jpg,workwoman
arial-291.jpg,uranism
arial-292.jpg,trun
arial-293.jpg,choose
arial-294.jpg,nantokite
arial-295.jpg,meconic
arial-296.jpg,tarhood
arial-297.jpg,piperidine
arial-298.jpg,waybook
arial-299.jpg,simonious
arial-300.jpg,linsey
arial-301.jpg,polymastia
arial-302.jpg,ruinable
arial-303.jpg,archon
arial-304.jpg,strown
arial-305.jpg,expeditely
arial-306.jpg,outlighten
arial-307.jpg,subaltern
arial-308.jpg,gammon
arial-309.jpg,alveoli
arial-310.jpg,beride
arial-311.jpg,threepenny
arial-312.jpg,downy
arial-313.jpg,Monilia
arial-314.jpg,nutricial
arial-315.jpg,humanhood
arial-316.jpg,Celticize
arial-317.jpg,teapoy
arial-318.jpg,Euselachii
arial-319.jpg,tapacolo
arial-320.jpg,bioplastic
arial-321.jpg,gossiper
arial-322.jpg,repayment
arial-323.jpg,unpounced
arial-324.jpg,nomarchy
arial-325.jpg,fluxroot
arial-326.jpg,improvisor
arial-327.jpg,trunnion
arial-328.jpg,nul
arial-329.jpg,tittering
arial-330.jpg,invirility
arial-331.jpg,unmilitary
arial-332.jpg,unpunched
arial-333.jpg,babroot
arial-334.jpg,clarty
arial-335.jpg,die
arial-336.jpg,antistate
arial-337.jpg,biporous
arial-338.jpg,nervature
arial-339.jpg,Berber
arial-340.jpg,iambist
arial-341.jpg,palankeen
arial-342.jpg,devorative
arial-343.jpg,unburning
arial-344.jpg,patronage
arial-345.jpg,unregular
arial-346.jpg,cadalene
arial-347.jpg,Walpolean
arial-348.jpg,ecstatic
arial-349.jpg,disilicic
arial-350.jpg,neshness
arial-351.jpg,verrucosis
arial-352.jpg,mystery
arial-353.jpg,quoin
arial-354.jpg,undergarb
arial-355.jpg,tabanid
arial-356.jpg,flugelman
arial-357.jpg,diablerie
arial-358.jpg,meatman
arial-359.jpg,rubbed
arial-360.jpg,forcefully
arial-361.jpg,umbeclad
arial-362.jpg,wyn
arial-363.jpg,outtire
arial-364.jpg,Distichlis
arial-365.jpg,scotogram
arial-366.jpg,movably
arial-367.jpg,risen
arial-368.jpg,Shel
arial-369.jpg,kafir
arial-370.jpg,toughish
arial-371.jpg,Heraclidan
arial-372.jpg,unpadded
arial-373.jpg,evocator
arial-374.jpg,passen
arial-375.jpg,Saponaria
arial-376.jpg,martin
arial-377.jpg,overstate
arial-378.jpg,Ukrainer
arial-379.jpg,reeming
arial-380.jpg,Cophetua
arial-381.jpg,broma
arial-382.jpg,rokee
arial-383.jpg,Haitian
arial-384.jpg,scrimpy
arial-385.jpg,pothook
arial-386.jpg,xanthamic
arial-387.jpg,pregnable
arial-388.jpg,pinax
arial-389.jpg,gestic
arial-390.jpg,avid
arial-391.jpg,ungrooved
arial-392.jpg,chevrone
arial-393.jpg,hayloft
arial-394.jpg,sliddery
arial-395.jpg,zante
arial-396.jpg,splatterer
arial-397.jpg,waning
arial-398.jpg,troubling
arial-399.jpg,Hypnum
arial-400.jpg,unripe
arial-401.jpg,podarthral
arial-402.jpg,gargoylism
arial-403.jpg,moorsman
arial-404.jpg,holoplexia
arial-405.jpg,underwrite
arial-406.jpg,lacquering
arial-407.jpg,spelling
arial-408.jpg,speculum
arial-409.jpg,pureblood
arial-410.jpg,usefulness
arial-411.jpg,swiney
arial-412.jpg,coelestine
arial-413.jpg,adopt
arial-414.jpg,plicative
arial-415.jpg,Greta
arial-416.jpg,obsoletism
arial-417.jpg,aracari
arial-418.jpg,Mappila
arial-419.jpg,satanic
arial-420.jpg,pholido
arial-421.jpg,taise
arial-422.jpg,aitesis
arial-423.jpg,gregaritic
arial-424.jpg,isothermal
arial-425.jpg,pleonastic
arial-426.jpg,day
arial-427.jpg,untackle
arial-428.jpg,edaciously
arial-429.jpg,lightship
arial-430.jpg,outleap
arial-431.jpg,souwester
arial-432.jpg,obovate
arial-433.jpg,geology
arial-434.jpg,shakeout
arial-435.jpg,bankfull
arial-436.jpg,offendedly
arial-437.jpg,goumi
arial-438.jpg,precommit
arial-439.jpg,homely
arial-440.jpg,anhedral
arial-441.jpg,whortle
arial-442.jpg,transit
arial-443.jpg,krimmer
arial-444.jpg,numbfish
arial-445.jpg,spatha
arial-446.jpg,augurous
arial-447.jpg,gastric
arial-448.jpg,systole
arial-449.jpg,kidsman
arial-450.jpg,pushingly
arial-451.jpg,hallabaloo
arial-452.jpg,dedicator
arial-453.jpg,skiver
arial-454.jpg,nonsexual
arial-455.jpg,histogram
arial-456.jpg,stipulate
arial-457.jpg,procellous
arial-458.jpg,mentorship
arial-459.jpg,litigator
arial-460.jpg,beflour
arial-461.jpg,tali
arial-462.jpg,epilabrum
arial-463.jpg,invariant
arial-464.jpg,Lycopsida
arial-465.jpg,precardiac
arial-466.jpg,ozophene
arial-467.jpg,veracious
arial-468.jpg,redeliver
arial-469.jpg,busked
arial-470.jpg,grivet
arial-471.jpg,Cecrops
arial-472.jpg,kecksy
arial-473.jpg,mephitis
arial-474.jpg,uncharming
arial-475.jpg,mater
arial-476.jpg,valve
arial-477.jpg,causey
arial-478.jpg,spilt
arial-479.jpg,codshead
arial-480.jpg,novitiate
arial-481.jpg,sequel
arial-482.jpg,burthenman
arial-483.jpg,peppery
arial-484.jpg,Roxana
arial-485.jpg,endodermis
arial-486.jpg,flaxseed
arial-487.jpg,mobable
arial-488.jpg,viduity
arial-489.jpg,brittling
arial-490.jpg,boatful
arial-491.jpg,workingly
arial-492.jpg,tristich
arial-493.jpg,Cantab
arial-494.jpg,Tukulor
arial-495.jpg,bedrivel
arial-496.jpg,Baya
arial-497.jpg,tweaker
arial-498.jpg,cosuitor
arial-499.jpg,playward
arial-500.jpg,bifoil
arial-501.jpg,fableist
arial-502.jpg,Mellifera
arial-503.jpg,asocial
arial-504.jpg,wryness
arial-505.jpg,rufflement
arial-506.jpg,underturn
arial-507.jpg,extraovate
arial-508.jpg,otiosity
arial-509.jpg,psephitic
arial-510.jpg,dipperful
arial-511.jpg,cormophyte
arial-512.jpg,semiflexed
arial-513.jpg,timbale
arial-514.jpg,glossitic
arial-515.jpg,Gerald
arial-516.jpg,Slovenian
arial-517.jpg,daemony
arial-518.jpg,superbias
arial-519.jpg,forward
arial-520.jpg,thallose
arial-521.jpg,chlamyd
arial-522.jpg,panomphean
arial-523.jpg,franc
arial-524.jpg,stringways
arial-525.jpg,mandrake
arial-526.jpg,ectoretina
arial-527.jpg,lardacein
arial-528.jpg,modeler
arial-529.jpg,exosmosis
arial-530.jpg,dysaphia
arial-531.jpg,arbalest
arial-532.jpg,mammular
arial-533.jpg,undeported
arial-534.jpg,scolices
arial-535.jpg,myrialiter
arial-536.jpg,vermouth
arial-537.jpg,abrasax
arial-538.jpg,Vehmic
arial-539.jpg,amylum
arial-540.jpg,whelphood
arial-541.jpg,corycavine
arial-542.jpg,Sambo
arial-543.jpg,chullpa
arial-544.jpg,taiglesome
arial-545.jpg,glace
arial-546.jpg,semihorny
arial-547.jpg,gambogian
arial-548.jpg,impunely
arial-549.jpg,disrepute
arial-550.jpg,deadlight
arial-551.jpg,bellows
arial-552.jpg,perverse
arial-553.jpg,Lugnas
arial-554.jpg,bohea
arial-555.jpg,atmos
arial-556.jpg,Andean
arial-557.jpg,coradical
arial-558.jpg,humulene
arial-559.jpg,unacting
arial-560.jpg,Eriophorum
arial-561.jpg,curriculum
arial-562.jpg,piperidge
arial-563.jpg,eudaemonia
arial-564.jpg,buttwood
arial-565.jpg,cerumen
arial-566.jpg,embrown
arial-567.jpg,coastman
arial-568.jpg,triluminar
arial-569.jpg,archurger
arial-570.jpg,iracundity
arial-571.jpg,manienie
arial-572.jpg,cerillo
arial-573.jpg,Sarmatian
arial-574.jpg,joyfulness
arial-575.jpg,unleagued
arial-576.jpg,bescatter
arial-577.jpg,comatosity
arial-578.jpg,Zyryan
arial-579.jpg,telium
arial-580.jpg,coexertion
arial-581.jpg,unlicensed
arial-582.jpg,perfluent
arial-583.jpg,virgineous
arial-584.jpg,facultate
arial-585.jpg,proschool
arial-586.jpg,Inkra
arial-587.jpg,peplosed
arial-588.jpg,Ovidae
arial-589.jpg,anotia
arial-590.jpg,surpriser
arial-591.jpg,repurpose
arial-592.jpg,donatively
arial-593.jpg,Oenocarpus
arial-594.jpg,confessant
arial-595.jpg,prefixally
arial-596.jpg,lazyhood
arial-597.jpg,phallitis
arial-598.jpg,sufficient
arial-599.jpg,smut
arial-600.jpg,aphorizer
arial-601.jpg,plumiform
arial-602.jpg,neopagan
arial-603.jpg,Kuri
arial-604.jpg,genitive
arial-605.jpg,adequately
arial-606.jpg,Kim
arial-607.jpg,Ananta
arial-608.jpg,Gladstone
arial-609.jpg,didepsid
arial-610.jpg,ark
arial-611.jpg,exogamy
arial-612.jpg,tardigrade
arial-613.jpg,chirpily
arial-614.jpg,Potorous
arial-615.jpg,overlow
arial-616.jpg,velometer
arial-617.jpg,rococo
arial-618.jpg,somacule
arial-619.jpg,renovator
arial-620.jpg,Dagbane
arial-621.jpg,gelsemic
arial-622.jpg,Gemara
arial-623.jpg,factorable
arial-624.jpg,addresser
arial-625.jpg,notional
arial-626.jpg,footbridge
arial-627.jpg,heritor
arial-628.jpg,errability
arial-629.jpg,verdoy
arial-630.jpg,beading
arial-631.jpg,dullard
arial-632.jpg,Shechem
arial-633.jpg,griggles
arial-634.jpg,Hasinai
arial-635.jpg,towerless
arial-636.jpg,smokeless
arial-637.jpg,Rugger
arial-638.jpg,upperch
arial-639.jpg,Toryess
arial-640.jpg,floriscope
arial-641.jpg,brutality
arial-642.jpg,influent
arial-643.jpg,solace
arial-644.jpg,miscellany
arial-645.jpg,Pleuronema
arial-646.jpg,mankind
arial-647.jpg,unample
arial-648.jpg,tumular
arial-649.jpg,unballast
arial-650.jpg,waterwork
arial-651.jpg,shaped
arial-652.jpg,reniform
arial-653.jpg,protest
arial-654.jpg,blizz
arial-655.jpg,guaza
arial-656.jpg,bonitary
arial-657.jpg,parify
arial-658.jpg,hiddenly
arial-659.jpg,mishandle
arial-660.jpg,Phajus
arial-661.jpg,twisting
arial-662.jpg,cigarette
arial-663.jpg,farina
arial-664.jpg,footing
arial-665.jpg,Yankeedom
arial-666.jpg,untent
arial-667.jpg,nobilitate
arial-668.jpg,Pachyma
arial-669.jpg,pinchem
arial-670.jpg,larcenic
arial-671.jpg,Jatni
arial-672.jpg,undercarve
arial-673.jpg,Deneb
arial-674.jpg,microbar
arial-675.jpg,grapelike
arial-676.jpg,waterily
arial-677.jpg,Lemmus
arial-678.jpg,gastralgy
arial-679.jpg,pigface
arial-680.jpg,nonsubsidy
arial-681.jpg,detrusion
arial-682.jpg,guib
arial-683.jpg,optionor
arial-684.jpg,pondage
arial-685.jpg,foam
arial-686.jpg,craticular
arial-687.jpg,pumper
arial-688.jpg,blondine
arial-689.jpg,impeding
arial-690.jpg,Archer
arial-691.jpg,tailed
arial-692.jpg,negotiate
arial-693.jpg,geira
arial-694.jpg,artist
arial-695.jpg,greenwood
arial-696.jpg,akamatsu
arial-697.jpg,heelmaker
arial-698.jpg,template
arial-699.jpg,craniate
arial-700.jpg,trilby
arial-701.jpg,unbasket
arial-702.jpg,holeable
arial-703.jpg,Tunicata
arial-704.jpg,tinegrass
arial-705.jpg,frisky
arial-706.jpg,feudal
arial-707.jpg,amylenol
arial-708.jpg,neon
arial-709.jpg,Nicotiana
arial-710.jpg,egrimony
arial-711.jpg,jocundness
arial-712.jpg,talpetate
arial-713.jpg,probation
arial-714.jpg,gentlehood
arial-715.jpg,impiteous
arial-716.jpg,mildew
arial-717.jpg,numberless
arial-718.jpg,handgrip
arial-719.jpg,mayoral
arial-720.jpg,lamiter
arial-721.jpg,trapaceous
arial-722.jpg,tinted
arial-723.jpg,Wormian
arial-724.jpg,axoneure
arial-725.jpg,inerasably
arial-726.jpg,gunwale
arial-727.jpg,menticide
arial-728.jpg,jokelet
arial-729.jpg,subpleural
arial-730.jpg,afterdate
arial-731.jpg,uddered
arial-732.jpg,polonium
arial-733.jpg,upspear
arial-734.jpg,Rufus
arial-735.jpg,vraicking
arial-736.jpg,virgation
arial-737.jpg,chebel
arial-738.jpg,displenish
arial-739.jpg,luminal
arial-740.jpg,renitent
arial-741.jpg,crochet
arial-742.jpg,craterous
arial-743.jpg,althein
arial-744.jpg,runback
arial-745.jpg,parageusic
arial-746.jpg,longshore
arial-747.jpg,kelyphite
arial-748.jpg,cleg
arial-749.jpg,mudir
arial-750.jpg,gently
arial-751.jpg,quatuor
arial-752.jpg,Lagthing
arial-753.jpg,mangonel
arial-754.jpg,autotruck
arial-755.jpg,isonomous
arial-756.jpg,rheum
arial-757.jpg,Hispanize
arial-758.jpg,itemize
arial-759.jpg,Bashilange
arial-760.jpg,presupply
arial-761.jpg,miswish
arial-762.jpg,otacoustic
arial-763.jpg,violuric
arial-764.jpg,airfreight
arial-765.jpg,homelily
arial-766.jpg,whistler
arial-767.jpg,blitzkrieg
arial-768.jpg,oograph
arial-769.jpg,subalate
arial-770.jpg,matchmaker
arial-771.jpg,cowhide
arial-772.jpg,aphidozer
arial-773.jpg,asmack
arial-774.jpg,anhydremic
arial-775.jpg,unsaddle
arial-776.jpg,sherifate
arial-777.jpg,flukeworm
arial-778.jpg,orguinette
arial-779.jpg,Balanidae
arial-780.jpg,suprafine
arial-781.jpg,potato
arial-782.jpg,Welf
arial-783.jpg,typhia
arial-784.jpg,recommit
arial-785.jpg,enostosis
arial-786.jpg,deflowerer
arial-787.jpg,Miconia
arial-788.jpg,Chipewyan
arial-789.jpg,inhabitant
arial-790.jpg,begun
arial-791.jpg,Motazilite
arial-792.jpg,maunder
arial-793.jpg,fascicle
arial-794.jpg,evident
arial-795.jpg,midday
arial-796.jpg,rhonchal
arial-797.jpg,milfoil
arial-798.jpg,vulpine
arial-799.jpg,mediating
arial-800.jpg,eupolyzoan
arial-801.jpg,Wertherism
arial-802.jpg,unelected
arial-803.jpg,oddments
arial-804.jpg,ultracivil
arial-805.jpg,ascend
arial-806.jpg,mesorrhiny
arial-807.jpg,foresheet
arial-808.jpg,interlace
arial-809.jpg,observancy
arial-810.jpg,vinologist
arial-811.jpg,tideward
arial-812.jpg,Aeolist
arial-813.jpg,airport
arial-814.jpg,unfavoring
arial-815.jpg,aquatint
arial-816.jpg,showy
arial-817.jpg,Melinda
arial-818.jpg,nextly
arial-819.jpg,deoxidator
arial-820.jpg,nitroform
arial-821.jpg,idalia
arial-822.jpg,doit
arial-823.jpg,Gussie
arial-824.jpg,splodge
arial-825.jpg,flightless
arial-826.jpg,Aka
arial-827.jpg,bridecup
arial-828.jpg,poggy
arial-829.jpg,potassium
arial-830.jpg,assemble
arial-831.jpg,unendowing
arial-832.jpg,glossitis
arial-833.jpg,carven
arial-834.jpg,poppyhead
arial-835.jpg,pyrosis
arial-836.jpg,hilum
arial-837.jpg,canarin
arial-838.jpg,bacchic
arial-839.jpg,Walpurgis
arial-840.jpg,Ulidia
arial-841.jpg,exposed
arial-842.jpg,corneal
arial-843.jpg,atypic
arial-844.jpg,schepen
arial-845.jpg,handprint
arial-846.jpg,obdurately
arial-847.jpg,orthotonic
arial-848.jpg,crowd
arial-849.jpg,manness
arial-850.jpg,nucleon
arial-851.jpg,cystiform
arial-852.jpg,hysterogen
arial-853.jpg,cherub
arial-854.jpg,wittiness
arial-855.jpg,zincograph
arial-856.jpg,abacate
arial-857.jpg,gabbro
arial-858.jpg,dappled
arial-859.jpg,Sphyrnidae
arial-860.jpg,bahuvrihi
arial-861.jpg,extemporal
arial-862.jpg,gangway
arial-863.jpg,collinsite
arial-864.jpg,stumble
arial-865.jpg,crippling
arial-866.jpg,windtight
arial-867.jpg,odum
arial-868.jpg,rumbowline
arial-869.jpg,incrossing
arial-870.jpg,guilder
arial-871.jpg,tentful
arial-872.jpg,impurely
arial-873.jpg,vintage
arial-874.jpg,fluctuable
arial-875.jpg,uturuncu
arial-876.jpg,physalite
arial-877.jpg,unfailable
arial-878.jpg,glossily
arial-879.jpg,cystis
arial-880.jpg,bumpkinish
arial-881.jpg,gametange
arial-882.jpg,ventose
arial-883.jpg,Sita
arial-884.jpg,ringgiver
arial-885.jpg,parisonic
arial-886.jpg,liquorless
arial-887.jpg,Vip
arial-888.jpg,sickleweed
arial-889.jpg,beginner
arial-890.jpg,talaria
arial-891.jpg,belled
arial-892.jpg,capryl
arial-893.jpg,downturn
arial-894.jpg,tomtit
arial-895.jpg,filo
arial-896.jpg,bhaiachari
arial-897.jpg,rink
arial-898.jpg,Adventist
arial-899.jpg,lip
arial-900.jpg,streak
arial-901.jpg,rummagy
arial-902.jpg,maledicent
arial-903.jpg,protome
arial-904.jpg,unripely
arial-905.jpg,reteach
arial-906.jpg,shameless
arial-907.jpg,paradeful
arial-908.jpg,lancepod
arial-909.jpg,melasma
arial-910.jpg,shirewick
arial-911.jpg,hackleback
arial-912.jpg,Biota
arial-913.jpg,Fokker
arial-914.jpg,cadge
arial-915.jpg,chanceless
arial-916.jpg,Anthurium
arial-917.jpg,buccaneer
arial-918.jpg,punchboard
arial-919.jpg,abusable
arial-920.jpg,drengage
arial-921.jpg,heroinize
arial-922.jpg,radicular
arial-923.jpg,umbonation
arial-924.jpg,psittacine
arial-925.jpg,dolent
arial-926.jpg,cuminal
arial-927.jpg,girdlelike
arial-928.jpg,cockarouse
arial-929.jpg,foxhole
arial-930.jpg,heatronic
arial-931.jpg,wasteness
arial-932.jpg,brakeman
arial-933.jpg,chouse
arial-934.jpg,rectum
arial-935.jpg,cloister
arial-936.jpg,newly
arial-937.jpg,holcodont
arial-938.jpg,ignatia
arial-939.jpg,Rhytidodon
arial-940.jpg,aranga
arial-941.jpg,persilicic
arial-942.jpg,cabble
arial-943.jpg,dull
arial-944.jpg,Micropodi
arial-945.jpg,gluttoness
arial-946.jpg,Seminole
arial-947.jpg,hypostasy
arial-948.jpg,gnomology
arial-949.jpg,mallet
arial-950.jpg,parto
arial-951.jpg,subsale
arial-952.jpg,bullhide
arial-953.jpg,philliloo
arial-954.jpg,sharkful
arial-955.jpg,pipkinet
arial-956.jpg,expansible
arial-957.jpg,nonfouling
arial-958.jpg,scolite
arial-959.jpg,signorship
arial-960.jpg,caulosarc
arial-961.jpg,cutization
arial-962.jpg,Meg
arial-963.jpg,mousebird
arial-964.jpg,seedful
arial-965.jpg,unchipped
arial-966.jpg,sensuosity
arial-967.jpg,zoogenesis
arial-968.jpg,yoncopin
arial-969.jpg,quillet
arial-970.jpg,orogenic
arial-971.jpg,sycock
arial-972.jpg,bigamic
arial-973.jpg,hydriatry
arial-974.jpg,trail
arial-975.jpg,ectogenous
arial-976.jpg,elbowchair
arial-977.jpg,drinkless
arial-978.jpg,unclinical
arial-979.jpg,orderable
arial-980.jpg,subtertian
arial-981.jpg,Penitentes
arial-982.jpg,underrent
arial-983.jpg,Ballplatz
arial-984.jpg,mesochroic
arial-985.jpg,ascolichen
arial-986.jpg,outparish
arial-987.jpg,ghat
arial-988.jpg,Gallomania
arial-989.jpg,Christofer
arial-990.jpg,minter
arial-991.jpg,endore
arial-992.jpg,Castilla
arial-993.jpg,homotaxic
arial-994.jpg,meriter
arial-995.jpg,undersoul
arial-996.jpg,schlemiel
arial-997.jpg,inspire
arial-998.jpg,irideous
arial-999.jpg,hookum
arial-1000.jpg,Werther
arial-1001.jpg,Montana
arial-1002.jpg,cattiness
arial-1003.jpg,quibbler
arial-1004.jpg,polite
arial-1005.jpg,gypsyweed
arial-1006.jpg,blanketeer
arial-1007.jpg,falconbill
arial-1008.jpg,snapshot
arial-1009.jpg,campimetry
arial-1010.jpg,unillusory
arial-1011.jpg,collock
arial-1012.jpg,bepaid
arial-1013.jpg,sicca
arial-1014.jpg,intonate
arial-1015.jpg,deathworm
arial-1016.jpg,hardfisted
arial-1017.jpg,Diceras
arial-1018.jpg,worldling
arial-1019.jpg,Asuri
arial-1020.jpg,slobbery
arial-1021.jpg,face
arial-1022.jpg,groomling
arial-1023.jpg,berry
arial-1024.jpg,tapu
arial-1025.jpg,psychon
arial-1026.jpg,abrotanum
arial-1027.jpg,squinancy
arial-1028.jpg,ortiga
arial-1029.jpg,moistful
arial-1030.jpg,consultor
arial-1031.jpg,septicity
arial-1032.jpg,nickelage
arial-1033.jpg,bedot
arial-1034.jpg,doatish
arial-1035.jpg,zircon
arial-1036.jpg,beemaster
arial-1037.jpg,anatomize
arial-1038.jpg,slaky
arial-1039.jpg,Dadupanthi
arial-1040.jpg,Hollywood
arial-1041.jpg,replan
arial-1042.jpg,Bupleurum
arial-1043.jpg,unrecusant
arial-1044.jpg,dissection
arial-1045.jpg,ponier
arial-1046.jpg,cradleman
arial-1047.jpg,brannerite
arial-1048.jpg,teiglech
arial-1049.jpg,divellent
arial-1050.jpg,muckerism
arial-1051.jpg,octuplex
arial-1052.jpg,Ricardian
arial-1053.jpg,Agyieus
arial-1054.jpg,nights
arial-1055.jpg,indoxyl
arial-1056.jpg,moringuid
arial-1057.jpg,overslight
arial-1058.jpg,lithotype
arial-1059.jpg,Borderside
arial-1060.jpg,arba
arial-1061.jpg,unattired
arial-1062.jpg,harry
arial-1063.jpg,isonymy
arial-1064.jpg,pedipulate
arial-1065.jpg,sclerotica
arial-1066.jpg,featherbed
arial-1067.jpg,Elzevirian
arial-1068.jpg,affectedly
arial-1069.jpg,napery
arial-1070.jpg,zein
arial-1071.jpg,disembroil
arial-1072.jpg,pistillary
arial-1073.jpg,covertical
arial-1074.jpg,foreglance
arial-1075.jpg,harebrain
arial-1076.jpg,homilete
arial-1077.jpg,stealth
arial-1078.jpg,holophane
arial-1079.jpg,realter
arial-1080.jpg,haircloth
arial-1081.jpg,Mithraic
arial-1082.jpg,noncertain
arial-1083.jpg,sextuplet
arial-1084.jpg,retroject
arial-1085.jpg,muckraker
arial-1086.jpg,thief
arial-1087.jpg,Xylocopa
arial-1088.jpg,stoled
arial-1089.jpg,naticine
arial-1090.jpg,circling
arial-1091.jpg,swillbowl
arial-1092.jpg,piratess
arial-1093.jpg,ninetyknot
arial-1094.jpg,unmovable
arial-1095.jpg,Childermas
arial-1096.jpg,Chauna
arial-1097.jpg,Alexander
arial-1098.jpg,gulpingly
arial-1099.jpg,skere
