bradhitc-000.jpg,aire
bradhitc-001.jpg,misguide
bradhitc-002.jpg,Papiliones
bradhitc-003.jpg,tetrasomy
bradhitc-004.jpg,tricinium
bradhitc-005.jpg,mettled
bradhitc-006.jpg,skatikas
bradhitc-007.jpg,redefecate
bradhitc-008.jpg,trottie
bradhitc-009.jpg,Bantam
bradhitc-010.jpg,systolated
bradhitc-011.jpg,wawaskeesh
bradhitc-012.jpg,bullnose
bradhitc-013.jpg,ribboner
bradhitc-014.jpg,fetterer
bradhitc-015.jpg,devil
bradhitc-016.jpg,surgeproof
bradhitc-017.jpg,Freekirker
bradhitc-018.jpg,atmos
bradhitc-019.jpg,unfathered
bradhitc-020.jpg,Toledo
bradhitc-021.jpg,antenave
bradhitc-022.jpg,unnarrated
bradhitc-023.jpg,queencake
bradhitc-024.jpg,barefoot
bradhitc-025.jpg,manteau
bradhitc-026.jpg,Marcel
bradhitc-027.jpg,spraddle
bradhitc-028.jpg,bedframe
bradhitc-029.jpg,decastyle
bradhitc-030.jpg,megamere
bradhitc-031.jpg,chlorinize
bradhitc-032.jpg,depas
bradhitc-033.jpg,gambia
bradhitc-034.jpg,targetlike
bradhitc-035.jpg,supersede
bradhitc-036.jpg,untemper
bradhitc-037.jpg,Entoprocta
bradhitc-038.jpg,admirer
bradhitc-039.jpg,bulimia
bradhitc-040.jpg,injunctive
bradhitc-041.jpg,physostome
bradhitc-042.jpg,skipjack
bradhitc-043.jpg,monovular
bradhitc-044.jpg,compursion
bradhitc-045.jpg,Olonetsish
bradhitc-046.jpg,monoousian
bradhitc-047.jpg,outgleam
bradhitc-048.jpg,harrier
bradhitc-049.jpg,overblouse
bradhitc-050.jpg,urnful
bradhitc-051.jpg,phonic
bradhitc-052.jpg,jollier
bradhitc-053.jpg,cotitular
bradhitc-054.jpg,trill
bradhitc-055.jpg,Ranquel
bradhitc-056.jpg,neurolysis
bradhitc-057.jpg,Anatolian
bradhitc-058.jpg,additivity
bradhitc-059.jpg,nongod
bradhitc-060.jpg,Hartogia
bradhitc-061.jpg,Balearica
bradhitc-062.jpg,Alban
bradhitc-063.jpg,Autosyn
bradhitc-064.jpg,penetrable
bradhitc-065.jpg,podargine
bradhitc-066.jpg,noiseproof
bradhitc-067.jpg,pituite
bradhitc-068.jpg,stoon
bradhitc-069.jpg,desex
bradhitc-070.jpg,fumily
bradhitc-071.jpg,untoured
bradhitc-072.jpg,persico
bradhitc-073.jpg,mousiness
bradhitc-074.jpg,acraze
bradhitc-075.jpg,mothless
bradhitc-076.jpg,sanguinary
bradhitc-077.jpg,indentor
bradhitc-078.jpg,inset
bradhitc-079.jpg,orthometry
bradhitc-080.jpg,Fidac
bradhitc-081.jpg,ribband
bradhitc-082.jpg,jugglement
bradhitc-083.jpg,specially
bradhitc-084.jpg,virulence
bradhitc-085.jpg,Siryan
bradhitc-086.jpg,germanyl
bradhitc-087.jpg,scruffy
bradhitc-088.jpg,gooseboy
bradhitc-089.jpg,Malmaison
bradhitc-090.jpg,blendure
bradhitc-091.jpg,metapore
bradhitc-092.jpg,unbreezy
bradhitc-093.jpg,keckle
bradhitc-094.jpg,apishness
bradhitc-095.jpg,tidology
bradhitc-096.jpg,celioscopy
bradhitc-097.jpg,isocyanide
bradhitc-098.jpg,swam
bradhitc-099.jpg,pepperroot
bradhitc-100.jpg,harborer
bradhitc-101.jpg,unguicorn
bradhitc-102.jpg,overedge
bradhitc-103.jpg,bedway
bradhitc-104.jpg,Tineidae
bradhitc-105.jpg,flintily
bradhitc-106.jpg,overspend
bradhitc-107.jpg,ureometer
bradhitc-108.jpg,rupa
bradhitc-109.jpg,undeterred
bradhitc-110.jpg,marquisina
bradhitc-111.jpg,ruination
bradhitc-112.jpg,substory
bradhitc-113.jpg,codebtor
bradhitc-114.jpg,Celtiberi
bradhitc-115.jpg,Pentandria
bradhitc-116.jpg,Sannoisian
bradhitc-117.jpg,Glaucium
bradhitc-118.jpg,vineatic
bradhitc-119.jpg,annotate
bradhitc-120.jpg,reune
bradhitc-121.jpg,Tataric
bradhitc-122.jpg,smellable
bradhitc-123.jpg,presidial
bradhitc-124.jpg,Andromede
bradhitc-125.jpg,azymous
bradhitc-126.jpg,bairnwort
bradhitc-127.jpg,ramass
bradhitc-128.jpg,Nanny
bradhitc-129.jpg,syringeal
bradhitc-130.jpg,neuraxone
bradhitc-131.jpg,immantle
bradhitc-132.jpg,griffinism
bradhitc-133.jpg,Nazarenism
bradhitc-134.jpg,frolicker
bradhitc-135.jpg,anatomist
bradhitc-136.jpg,clash
bradhitc-137.jpg,uprist
bradhitc-138.jpg,fronded
bradhitc-139.jpg,Abel
bradhitc-140.jpg,Sephardi
bradhitc-141.jpg,Limicolae
bradhitc-142.jpg,squireship
bradhitc-143.jpg,heartweed
bradhitc-144.jpg,lumberdar
bradhitc-145.jpg,misericord
bradhitc-146.jpg,undelight
bradhitc-147.jpg,epimeric
bradhitc-148.jpg,abuttal
bradhitc-149.jpg,encastage
bradhitc-150.jpg,delatinize
bradhitc-151.jpg,prerevenge
bradhitc-152.jpg,visarga
bradhitc-153.jpg,Eusuchia
bradhitc-154.jpg,Spirula
bradhitc-155.jpg,probable
bradhitc-156.jpg,backslide
bradhitc-157.jpg,epichirema
bradhitc-158.jpg,eosphorite
bradhitc-159.jpg,symphysy
bradhitc-160.jpg,timor
bradhitc-161.jpg,venesia
bradhitc-162.jpg,hygrometry
bradhitc-163.jpg,bluebreast
bradhitc-164.jpg,afterhelp
bradhitc-165.jpg,subjectdom
bradhitc-166.jpg,sewless
bradhitc-167.jpg,surplusage
bradhitc-168.jpg,Caulerpa
bradhitc-169.jpg,untinged
bradhitc-170.jpg,tinworker
bradhitc-171.jpg,wang
bradhitc-172.jpg,Yankeeism
bradhitc-173.jpg,hemicycle
bradhitc-174.jpg,incurrent
bradhitc-175.jpg,trumpeter
bradhitc-176.jpg,pieplant
bradhitc-177.jpg,womanfully
bradhitc-178.jpg,tong
bradhitc-179.jpg,dissoul
bradhitc-180.jpg,savorily
bradhitc-181.jpg,moroc
bradhitc-182.jpg,lithosian
bradhitc-183.jpg,recercelee
bradhitc-184.jpg,phaenogam
bradhitc-185.jpg,chilicothe
bradhitc-186.jpg,arillodium
bradhitc-187.jpg,serpolet
bradhitc-188.jpg,hebegynous
bradhitc-189.jpg,wringer
bradhitc-190.jpg,oxychloric
bradhitc-191.jpg,upholstery
bradhitc-192.jpg,kriegspiel
bradhitc-193.jpg,daddock
bradhitc-194.jpg,Sard
bradhitc-195.jpg,turnplate
bradhitc-196.jpg,unroot
bradhitc-197.jpg,Persephone
bradhitc-198.jpg,gated
bradhitc-199.jpg,achropsia
bradhitc-200.jpg,stonehead
bradhitc-201.jpg,unradical
bradhitc-202.jpg,sleepwort
bradhitc-203.jpg,unchastely
bradhitc-204.jpg,satanical
bradhitc-205.jpg,piebaldly
bradhitc-206.jpg,Yeniseian
bradhitc-207.jpg,unprim
bradhitc-208.jpg,divisively
bradhitc-209.jpg,huntswoman
bradhitc-210.jpg,ruing
bradhitc-211.jpg,fortify
bradhitc-212.jpg,afterguns
bradhitc-213.jpg,stanno
bradhitc-214.jpg,thulir
bradhitc-215.jpg,circuiteer
bradhitc-216.jpg,catechism
bradhitc-217.jpg,soaprock
bradhitc-218.jpg,Chondrilla
bradhitc-219.jpg,Magnolia
bradhitc-220.jpg,overpick
bradhitc-221.jpg,gemellus
bradhitc-222.jpg,throve
bradhitc-223.jpg,forfault
bradhitc-224.jpg,azocorinth
bradhitc-225.jpg,trivial
bradhitc-226.jpg,sar
bradhitc-227.jpg,elfship
bradhitc-228.jpg,Danielic
bradhitc-229.jpg,rasant
bradhitc-230.jpg,elucidator
bradhitc-231.jpg,mission
bradhitc-232.jpg,rollback
bradhitc-233.jpg,sneaky
bradhitc-234.jpg,laughing
bradhitc-235.jpg,barcarole
bradhitc-236.jpg,tress
bradhitc-237.jpg,plumer
bradhitc-238.jpg,unprobity
bradhitc-239.jpg,keeker
bradhitc-240.jpg,precentor
bradhitc-241.jpg,meditatist
bradhitc-242.jpg,Fides
bradhitc-243.jpg,knuckler
bradhitc-244.jpg,Tarandean
bradhitc-245.jpg,underbuoy
bradhitc-246.jpg,Geomyidae
bradhitc-247.jpg,decrial
bradhitc-248.jpg,grieve
bradhitc-249.jpg,gemmula
bradhitc-250.jpg,spitish
bradhitc-251.jpg,strideways
bradhitc-252.jpg,bedoyo
bradhitc-253.jpg,stockproof
bradhitc-254.jpg,brutalize
bradhitc-255.jpg,rhesus
bradhitc-256.jpg,sneaking
bradhitc-257.jpg,infarcted
bradhitc-258.jpg,homotopic
bradhitc-259.jpg,papal
bradhitc-260.jpg,blackishly
bradhitc-261.jpg,torsometer
bradhitc-262.jpg,surgery
bradhitc-263.jpg,coonily
bradhitc-264.jpg,startish
bradhitc-265.jpg,uncandied
bradhitc-266.jpg,ungruesome
bradhitc-267.jpg,Juang
bradhitc-268.jpg,stipellate
bradhitc-269.jpg,orientite
bradhitc-270.jpg,kingbird
bradhitc-271.jpg,plenilunal
bradhitc-272.jpg,bloused
bradhitc-273.jpg,member
bradhitc-274.jpg,mixite
bradhitc-275.jpg,utas
bradhitc-276.jpg,confound
bradhitc-277.jpg,reviling
bradhitc-278.jpg,Vijay
bradhitc-279.jpg,thuribuler
bradhitc-280.jpg,Caliban
bradhitc-281.jpg,retry
bradhitc-282.jpg,muckthrift
bradhitc-283.jpg,designless
bradhitc-284.jpg,pompoleon
bradhitc-285.jpg,asyla
bradhitc-286.jpg,jackscrew
bradhitc-287.jpg,Rissoa
bradhitc-288.jpg,cinnamon
bradhitc-289.jpg,popishly
bradhitc-290.jpg,unadmitted
bradhitc-291.jpg,flowerless
bradhitc-292.jpg,hairlock
bradhitc-293.jpg,ciconioid
bradhitc-294.jpg,roelike
bradhitc-295.jpg,recement
bradhitc-296.jpg,whils
bradhitc-297.jpg,Alliaceae
bradhitc-298.jpg,scarflike
bradhitc-299.jpg,insack
bradhitc-300.jpg,pretended
bradhitc-301.jpg,toko
bradhitc-302.jpg,unwire
bradhitc-303.jpg,depilate
bradhitc-304.jpg,Trichina
bradhitc-305.jpg,blesbok
bradhitc-306.jpg,thujyl
bradhitc-307.jpg,broadway
bradhitc-308.jpg,alcidine
bradhitc-309.jpg,whittret
bradhitc-310.jpg,trollopy
bradhitc-311.jpg,brakehand
bradhitc-312.jpg,Slavish
bradhitc-313.jpg,Hubbite
bradhitc-314.jpg,Torrubia
bradhitc-315.jpg,quoter
bradhitc-316.jpg,infeminine
bradhitc-317.jpg,unpinioned
bradhitc-318.jpg,hologamous
bradhitc-319.jpg,restopper
bradhitc-320.jpg,premonitor
bradhitc-321.jpg,rupicoline
bradhitc-322.jpg,Psedera
bradhitc-323.jpg,sickbed
bradhitc-324.jpg,impart
bradhitc-325.jpg,toher
bradhitc-326.jpg,queriman
bradhitc-327.jpg,downer
bradhitc-328.jpg,densimetry
bradhitc-329.jpg,fluocerine
bradhitc-330.jpg,oddments
bradhitc-331.jpg,colossi
bradhitc-332.jpg,whish
bradhitc-333.jpg,Antu
bradhitc-334.jpg,featureful
bradhitc-335.jpg,brob
bradhitc-336.jpg,Hortense
bradhitc-337.jpg,holder
bradhitc-338.jpg,witter
bradhitc-339.jpg,unscramble
bradhitc-340.jpg,irritancy
bradhitc-341.jpg,cumbrance
bradhitc-342.jpg,Acoemeti
bradhitc-343.jpg,bebump
bradhitc-344.jpg,overpray
bradhitc-345.jpg,tenesmus
bradhitc-346.jpg,lonely
bradhitc-347.jpg,overboast
bradhitc-348.jpg,quiddative
bradhitc-349.jpg,indicible
bradhitc-350.jpg,horometry
bradhitc-351.jpg,Gymnoconia
bradhitc-352.jpg,unbolt
bradhitc-353.jpg,cupidinous
bradhitc-354.jpg,dribbler
bradhitc-355.jpg,opsimathy
bradhitc-356.jpg,kele
bradhitc-357.jpg,agedness
bradhitc-358.jpg,unsated
bradhitc-359.jpg,vistaless
bradhitc-360.jpg,eyedness
bradhitc-361.jpg,zoography
bradhitc-362.jpg,cleeked
bradhitc-363.jpg,Passeres
bradhitc-364.jpg,rereel
bradhitc-365.jpg,constrict
bradhitc-366.jpg,jolthead
bradhitc-367.jpg,ungulate
bradhitc-368.jpg,Nabalism
bradhitc-369.jpg,Symphytum
bradhitc-370.jpg,pyrometry
bradhitc-371.jpg,ladyling
bradhitc-372.jpg,active
bradhitc-373.jpg,Elohim
bradhitc-374.jpg,feliform
bradhitc-375.jpg,phytogenic
bradhitc-376.jpg,receival
bradhitc-377.jpg,multifid
bradhitc-378.jpg,sorbitic
bradhitc-379.jpg,galenic
bradhitc-380.jpg,mucksweat
bradhitc-381.jpg,tentful
bradhitc-382.jpg,hanif
bradhitc-383.jpg,unornate
bradhitc-384.jpg,Turkify
bradhitc-385.jpg,micropyle
bradhitc-386.jpg,tirrlie
bradhitc-387.jpg,outlooker
bradhitc-388.jpg,humpty
bradhitc-389.jpg,unparfit
bradhitc-390.jpg,deduct
bradhitc-391.jpg,gravemaker
bradhitc-392.jpg,afterhope
bradhitc-393.jpg,klippen
bradhitc-394.jpg,assuring
bradhitc-395.jpg,personate
bradhitc-396.jpg,Ipomoea
bradhitc-397.jpg,attendant
bradhitc-398.jpg,tesseraic
bradhitc-399.jpg,squaloid
bradhitc-400.jpg,chonolith
bradhitc-401.jpg,filibeg
bradhitc-402.jpg,caroa
bradhitc-403.jpg,nomismata
bradhitc-404.jpg,butanolide
bradhitc-405.jpg,antiface
bradhitc-406.jpg,blate
bradhitc-407.jpg,squidge
bradhitc-408.jpg,tormentive
bradhitc-409.jpg,Jesuitical
bradhitc-410.jpg,Tapinoma
bradhitc-411.jpg,vesication
bradhitc-412.jpg,declivate
bradhitc-413.jpg,sheargrass
bradhitc-414.jpg,heterotaxy
bradhitc-415.jpg,extemporal
bradhitc-416.jpg,traumatize
bradhitc-417.jpg,ribandry
bradhitc-418.jpg,nonirate
bradhitc-419.jpg,galeage
bradhitc-420.jpg,argol
bradhitc-421.jpg,lader
bradhitc-422.jpg,cicatrize
bradhitc-423.jpg,bunnell
bradhitc-424.jpg,diapyesis
bradhitc-425.jpg,superexert
bradhitc-426.jpg,feif
bradhitc-427.jpg,whipcord
bradhitc-428.jpg,quailberry
bradhitc-429.jpg,toral
bradhitc-430.jpg,obitual
bradhitc-431.jpg,pimp
bradhitc-432.jpg,fimbricate
bradhitc-433.jpg,overeager
bradhitc-434.jpg,Genesitic
bradhitc-435.jpg,opaquely
bradhitc-436.jpg,bident
bradhitc-437.jpg,sirloiny
bradhitc-438.jpg,abater
bradhitc-439.jpg,chromiole
bradhitc-440.jpg,tricyclic
bradhitc-441.jpg,adder
bradhitc-442.jpg,resilver
bradhitc-443.jpg,phylarchy
bradhitc-444.jpg,thrast
bradhitc-445.jpg,hefter
bradhitc-446.jpg,bohea
bradhitc-447.jpg,cosecant
bradhitc-448.jpg,diacaustic
bradhitc-449.jpg,pedodontic
bradhitc-450.jpg,fud
bradhitc-451.jpg,unipotence
bradhitc-452.jpg,flirtish
bradhitc-453.jpg,debauchery
bradhitc-454.jpg,Nereid
bradhitc-455.jpg,tallowish
bradhitc-456.jpg,quixotical
bradhitc-457.jpg,grunerite
bradhitc-458.jpg,Xiphiidae
bradhitc-459.jpg,mercery
bradhitc-460.jpg,Myxopoda
bradhitc-461.jpg,cubage
bradhitc-462.jpg,flancard
bradhitc-463.jpg,nonfaculty
bradhitc-464.jpg,wig
bradhitc-465.jpg,orthopathy
bradhitc-466.jpg,antrophose
bradhitc-467.jpg,spagyrist
bradhitc-468.jpg,lewisson
bradhitc-469.jpg,supertotal
bradhitc-470.jpg,Yankeeist
bradhitc-471.jpg,Snoquamish
bradhitc-472.jpg,embound
bradhitc-473.jpg,bushment
bradhitc-474.jpg,beng
bradhitc-475.jpg,Brahmoism
bradhitc-476.jpg,anchorer
bradhitc-477.jpg,fulgently
bradhitc-478.jpg,triumphal
bradhitc-479.jpg,Phrygian
bradhitc-480.jpg,cingular
bradhitc-481.jpg,batea
bradhitc-482.jpg,cnidoblast
bradhitc-483.jpg,thumble
bradhitc-484.jpg,promissive
bradhitc-485.jpg,Chama
bradhitc-486.jpg,intercaste
bradhitc-487.jpg,volitional
bradhitc-488.jpg,reboard
bradhitc-489.jpg,levee
bradhitc-490.jpg,jecorin
bradhitc-491.jpg,faceted
bradhitc-492.jpg,imponent
bradhitc-493.jpg,hidebind
bradhitc-494.jpg,hydnaceous
bradhitc-495.jpg,camphoric
bradhitc-496.jpg,turwar
bradhitc-497.jpg,bedmaker
bradhitc-498.jpg,causate
bradhitc-499.jpg,sidesway
bradhitc-500.jpg,hydrol
bradhitc-501.jpg,medalet
bradhitc-502.jpg,manege
bradhitc-503.jpg,fraternism
bradhitc-504.jpg,waivery
bradhitc-505.jpg,solaristic
bradhitc-506.jpg,tremolist
bradhitc-507.jpg,orage
bradhitc-508.jpg,geocronite
bradhitc-509.jpg,oxyl
bradhitc-510.jpg,amchoor
bradhitc-511.jpg,trehalose
bradhitc-512.jpg,cavil
bradhitc-513.jpg,madreporic
bradhitc-514.jpg,tipple
bradhitc-515.jpg,inheaven
bradhitc-516.jpg,thermostat
bradhitc-517.jpg,fellah
bradhitc-518.jpg,brawlys
bradhitc-519.jpg,fusoid
bradhitc-520.jpg,factuality
bradhitc-521.jpg,Calypso
bradhitc-522.jpg,abscise
bradhitc-523.jpg,pub
bradhitc-524.jpg,Ampelopsis
bradhitc-525.jpg,ektene
bradhitc-526.jpg,bourock
bradhitc-527.jpg,heterotopy
bradhitc-528.jpg,acidulous
bradhitc-529.jpg,angild
bradhitc-530.jpg,Vulturidae
bradhitc-531.jpg,sicklied
bradhitc-532.jpg,popple
bradhitc-533.jpg,fanglement
bradhitc-534.jpg,wooden
bradhitc-535.jpg,redecorate
bradhitc-536.jpg,descensive
bradhitc-537.jpg,unwitting
bradhitc-538.jpg,slabby
bradhitc-539.jpg,ovenlike
bradhitc-540.jpg,Petaurus
bradhitc-541.jpg,Mesadenia
bradhitc-542.jpg,Caranx
bradhitc-543.jpg,pondokkie
bradhitc-544.jpg,menses
bradhitc-545.jpg,studbook
bradhitc-546.jpg,mousse
bradhitc-547.jpg,prof
bradhitc-548.jpg,imitatee
bradhitc-549.jpg,flattener
bradhitc-550.jpg,chagan
bradhitc-551.jpg,saber
bradhitc-552.jpg,huffily
bradhitc-553.jpg,patronate
bradhitc-554.jpg,enring
bradhitc-555.jpg,corn
bradhitc-556.jpg,cheatable
bradhitc-557.jpg,addiction
bradhitc-558.jpg,kittlish
bradhitc-559.jpg,raw
bradhitc-560.jpg,styptic
bradhitc-561.jpg,Pseudechis
bradhitc-562.jpg,entocele
bradhitc-563.jpg,spilly
bradhitc-564.jpg,hinddeck
bradhitc-565.jpg,untwist
bradhitc-566.jpg,curlylocks
bradhitc-567.jpg,mailplane
bradhitc-568.jpg,alkapton
bradhitc-569.jpg,onion
bradhitc-570.jpg,marler
bradhitc-571.jpg,minivet
bradhitc-572.jpg,underwheel
bradhitc-573.jpg,cuisine
bradhitc-574.jpg,gluish
bradhitc-575.jpg,drawl
bradhitc-576.jpg,seirospore
bradhitc-577.jpg,preconcur
bradhitc-578.jpg,reunionist
bradhitc-579.jpg,viewless
bradhitc-580.jpg,leperdom
bradhitc-581.jpg,tar
bradhitc-582.jpg,abnet
bradhitc-583.jpg,Almira
bradhitc-584.jpg,lenticule
bradhitc-585.jpg,payday
bradhitc-586.jpg,somewhen
bradhitc-587.jpg,allopatry
bradhitc-588.jpg,penang
bradhitc-589.jpg,plenarily
bradhitc-590.jpg,protoneme
bradhitc-591.jpg,agalaxy
bradhitc-592.jpg,dragooner
bradhitc-593.jpg,seilenoi
bradhitc-594.jpg,delicately
bradhitc-595.jpg,tetrabromo
bradhitc-596.jpg,revery
bradhitc-597.jpg,lithuresis
bradhitc-598.jpg,autocide
bradhitc-599.jpg,leukotic
bradhitc-600.jpg,Altaid
bradhitc-601.jpg,carbazine
bradhitc-602.jpg,unnervous
bradhitc-603.jpg,excresce
bradhitc-604.jpg,langle
bradhitc-605.jpg,spirated
bradhitc-606.jpg,whipcordy
bradhitc-607.jpg,unruledly
bradhitc-608.jpg,treewards
bradhitc-609.jpg,delicate
bradhitc-610.jpg,cadua
bradhitc-611.jpg,necrolatry
bradhitc-612.jpg,pernor
bradhitc-613.jpg,assent
bradhitc-614.jpg,pulsojet
bradhitc-615.jpg,missyish
bradhitc-616.jpg,vervecine
bradhitc-617.jpg,ahmadi
bradhitc-618.jpg,vagotomy
bradhitc-619.jpg,antidotal
bradhitc-620.jpg,writinger
bradhitc-621.jpg,noyade
bradhitc-622.jpg,nasioinial
bradhitc-623.jpg,sexfid
bradhitc-624.jpg,Botrydium
bradhitc-625.jpg,tenty
bradhitc-626.jpg,hyoidean
bradhitc-627.jpg,bleeze
bradhitc-628.jpg,Tabloid
bradhitc-629.jpg,musician
bradhitc-630.jpg,stereotypy
bradhitc-631.jpg,doomsday
bradhitc-632.jpg,sickle
bradhitc-633.jpg,Poncirus
bradhitc-634.jpg,dupedom
bradhitc-635.jpg,snively
bradhitc-636.jpg,honeyware
bradhitc-637.jpg,heapy
bradhitc-638.jpg,Scopelidae
bradhitc-639.jpg,soothsay
bradhitc-640.jpg,chucky
bradhitc-641.jpg,thrustful
bradhitc-642.jpg,phenin
bradhitc-643.jpg,poundworth
bradhitc-644.jpg,taylorite
bradhitc-645.jpg,tosticate
bradhitc-646.jpg,crupper
bradhitc-647.jpg,Balanites
bradhitc-648.jpg,dynamitard
bradhitc-649.jpg,gynarchy
bradhitc-650.jpg,suspected
bradhitc-651.jpg,unurbane
bradhitc-652.jpg,Siena
bradhitc-653.jpg,Keftiu
bradhitc-654.jpg,cursorary
bradhitc-655.jpg,louty
bradhitc-656.jpg,epsomite
bradhitc-657.jpg,testoon
bradhitc-658.jpg,fanwright
bradhitc-659.jpg,nineted
bradhitc-660.jpg,subareolar
bradhitc-661.jpg,longs
bradhitc-662.jpg,katydid
bradhitc-663.jpg,fervidly
bradhitc-664.jpg,preadvise
bradhitc-665.jpg,mycele
bradhitc-666.jpg,griffin
bradhitc-667.jpg,sextern
bradhitc-668.jpg,subfactor
bradhitc-669.jpg,simplicist
bradhitc-670.jpg,enlivening
bradhitc-671.jpg,mumpishly
bradhitc-672.jpg,quirky
bradhitc-673.jpg,balsamy
bradhitc-674.jpg,enneasemic
bradhitc-675.jpg,daintily
bradhitc-676.jpg,penacute
bradhitc-677.jpg,coccydynia
bradhitc-678.jpg,cartograph
bradhitc-679.jpg,adrip
bradhitc-680.jpg,subpleural
bradhitc-681.jpg,coupleteer
bradhitc-682.jpg,extensible
bradhitc-683.jpg,premerit
bradhitc-684.jpg,suaharo
bradhitc-685.jpg,gaffer
bradhitc-686.jpg,Abarambo
bradhitc-687.jpg,vidual
bradhitc-688.jpg,oppressor
bradhitc-689.jpg,demonifuge
bradhitc-690.jpg,alloeotic
bradhitc-691.jpg,pondweed
bradhitc-692.jpg,bludgeoned
bradhitc-693.jpg,sulphone
bradhitc-694.jpg,codeposit
bradhitc-695.jpg,pyrena
bradhitc-696.jpg,fistulous
bradhitc-697.jpg,dubitate
bradhitc-698.jpg,nonfat
bradhitc-699.jpg,hydrophile
bradhitc-700.jpg,Almoravid
bradhitc-701.jpg,Manyema
bradhitc-702.jpg,magical
bradhitc-703.jpg,plank
bradhitc-704.jpg,chenica
bradhitc-705.jpg,Kentuckian
bradhitc-706.jpg,intendit
bradhitc-707.jpg,nervy
bradhitc-708.jpg,Donet
bradhitc-709.jpg,squiffy
bradhitc-710.jpg,presavage
bradhitc-711.jpg,underhead
bradhitc-712.jpg,chorten
bradhitc-713.jpg,prothyl
bradhitc-714.jpg,xylite
bradhitc-715.jpg,deodorizer
bradhitc-716.jpg,phytomonad
bradhitc-717.jpg,harmel
bradhitc-718.jpg,headlock
bradhitc-719.jpg,idrialine
bradhitc-720.jpg,flatulence
bradhitc-721.jpg,gonimium
bradhitc-722.jpg,negrohead
bradhitc-723.jpg,theatron
bradhitc-724.jpg,misgauge
bradhitc-725.jpg,ergasia
bradhitc-726.jpg,coquille
bradhitc-727.jpg,Quakerlet
bradhitc-728.jpg,Spartanism
bradhitc-729.jpg,mirksome
bradhitc-730.jpg,killcu
bradhitc-731.jpg,aeronat
bradhitc-732.jpg,blooddrops
bradhitc-733.jpg,canoeist
bradhitc-734.jpg,roadable
bradhitc-735.jpg,catch
bradhitc-736.jpg,yea
bradhitc-737.jpg,dorsomesal
bradhitc-738.jpg,Ronsardian
bradhitc-739.jpg,specialism
bradhitc-740.jpg,veerable
bradhitc-741.jpg,fluke
bradhitc-742.jpg,stourness
bradhitc-743.jpg,laneway
bradhitc-744.jpg,eupathy
bradhitc-745.jpg,gerastian
bradhitc-746.jpg,vivency
bradhitc-747.jpg,brevier
bradhitc-748.jpg,gyps
bradhitc-749.jpg,millifarad
bradhitc-750.jpg,meadow
bradhitc-751.jpg,sorbate
bradhitc-752.jpg,nasicorn
bradhitc-753.jpg,polycratic
bradhitc-754.jpg,omophagist
bradhitc-755.jpg,Valeriana
bradhitc-756.jpg,boorish
bradhitc-757.jpg,strawless
bradhitc-758.jpg,illapsable
bradhitc-759.jpg,compacted
bradhitc-760.jpg,autoharp
bradhitc-761.jpg,haddock
bradhitc-762.jpg,unburrow
bradhitc-763.jpg,inglobe
bradhitc-764.jpg,lievrite
bradhitc-765.jpg,Boreus
bradhitc-766.jpg,transpolar
bradhitc-767.jpg,indevoted
bradhitc-768.jpg,biacuru
bradhitc-769.jpg,declivous
bradhitc-770.jpg,ovary
bradhitc-771.jpg,repetend
bradhitc-772.jpg,burly
bradhitc-773.jpg,libelist
bradhitc-774.jpg,Proteosoma
bradhitc-775.jpg,acquittal
bradhitc-776.jpg,churchite
bradhitc-777.jpg,anomy
bradhitc-778.jpg,glossiness
bradhitc-779.jpg,oneiric
bradhitc-780.jpg,atropamine
bradhitc-781.jpg,utopist
bradhitc-782.jpg,shittim
bradhitc-783.jpg,leonine
bradhitc-784.jpg,buccal
bradhitc-785.jpg,manstealer
bradhitc-786.jpg,bear
bradhitc-787.jpg,ungroaning
bradhitc-788.jpg,furniture
bradhitc-789.jpg,housefly
bradhitc-790.jpg,anvilsmith
bradhitc-791.jpg,Heptateuch
bradhitc-792.jpg,yaourti
bradhitc-793.jpg,sauropod
bradhitc-794.jpg,ablude
bradhitc-795.jpg,owerby
bradhitc-796.jpg,polymyoid
bradhitc-797.jpg,Laudist
bradhitc-798.jpg,glegness
bradhitc-799.jpg,rancidly
bradhitc-800.jpg,duckie
bradhitc-801.jpg,Duranta
bradhitc-802.jpg,Korean
bradhitc-803.jpg,tapermaker
bradhitc-804.jpg,usurpatory
bradhitc-805.jpg,dink
bradhitc-806.jpg,hellish
bradhitc-807.jpg,neuroglial
bradhitc-808.jpg,theah
bradhitc-809.jpg,muckle
bradhitc-810.jpg,umpty
bradhitc-811.jpg,dignitary
bradhitc-812.jpg,suborbitar
bradhitc-813.jpg,Jynginae
bradhitc-814.jpg,bowing
bradhitc-815.jpg,sedum
bradhitc-816.jpg,burlap
bradhitc-817.jpg,Alethea
bradhitc-818.jpg,Oxydendrum
bradhitc-819.jpg,notelessly
bradhitc-820.jpg,pricked
bradhitc-821.jpg,nephewship
bradhitc-822.jpg,underlain
bradhitc-823.jpg,Molala
bradhitc-824.jpg,spark
bradhitc-825.jpg,Giraffidae
bradhitc-826.jpg,negrodom
bradhitc-827.jpg,epicenity
bradhitc-828.jpg,periaster
bradhitc-829.jpg,underdrain
bradhitc-830.jpg,usurpation
bradhitc-831.jpg,trappoid
bradhitc-832.jpg,harshen
bradhitc-833.jpg,scaldfish
bradhitc-834.jpg,eupepsy
bradhitc-835.jpg,Scutigera
bradhitc-836.jpg,checkers
bradhitc-837.jpg,acataposis
bradhitc-838.jpg,starred
bradhitc-839.jpg,defamed
bradhitc-840.jpg,polycyesis
bradhitc-841.jpg,alway
bradhitc-842.jpg,Auriga
bradhitc-843.jpg,costellate
bradhitc-844.jpg,Kosimo
bradhitc-845.jpg,flushgate
bradhitc-846.jpg,ligamentum
bradhitc-847.jpg,peracetate
bradhitc-848.jpg,nanomelia
bradhitc-849.jpg,megaseism
bradhitc-850.jpg,esotropic
bradhitc-851.jpg,outbridge
bradhitc-852.jpg,Azande
bradhitc-853.jpg,Gruis
bradhitc-854.jpg,plumet
bradhitc-855.jpg,cementless
bradhitc-856.jpg,kelchin
bradhitc-857.jpg,unsinning
bradhitc-858.jpg,subfacies
bradhitc-859.jpg,chincha
bradhitc-860.jpg,devilet
bradhitc-861.jpg,atrolactic
bradhitc-862.jpg,melilot
bradhitc-863.jpg,twang
bradhitc-864.jpg,Zoanthidea
bradhitc-865.jpg,unspeedy
bradhitc-866.jpg,exodos
bradhitc-867.jpg,afghani
bradhitc-868.jpg,smartingly
bradhitc-869.jpg,intercanal
bradhitc-870.jpg,underargue
bradhitc-871.jpg,reincite
bradhitc-872.jpg,exodromy
bradhitc-873.jpg,odoriphore
bradhitc-874.jpg,aorta
bradhitc-875.jpg,warped
bradhitc-876.jpg,splatchy
bradhitc-877.jpg,workhand
bradhitc-878.jpg,oxhorn
bradhitc-879.jpg,graywacke
bradhitc-880.jpg,Savitar
bradhitc-881.jpg,hagiolater
bradhitc-882.jpg,snakewise
bradhitc-883.jpg,hindhead
bradhitc-884.jpg,ulerythema
bradhitc-885.jpg,ethnogeny
bradhitc-886.jpg,plodder
bradhitc-887.jpg,phocodont
bradhitc-888.jpg,thumbed
bradhitc-889.jpg,cimbia
bradhitc-890.jpg,resew
bradhitc-891.jpg,jeopard
bradhitc-892.jpg,unbracing
bradhitc-893.jpg,Bugi
bradhitc-894.jpg,childship
bradhitc-895.jpg,ovum
bradhitc-896.jpg,fundiform
bradhitc-897.jpg,bovine
bradhitc-898.jpg,freet
bradhitc-899.jpg,fill
bradhitc-900.jpg,Tuna
bradhitc-901.jpg,sarcoplast
bradhitc-902.jpg,yahoo
bradhitc-903.jpg,kinetical
bradhitc-904.jpg,cording
bradhitc-905.jpg,vitamer
bradhitc-906.jpg,colder
bradhitc-907.jpg,unopulent
bradhitc-908.jpg,unpitted
bradhitc-909.jpg,yolkiness
bradhitc-910.jpg,fuming
bradhitc-911.jpg,deed
bradhitc-912.jpg,unregained
bradhitc-913.jpg,rabatte
bradhitc-914.jpg,semiadnate
bradhitc-915.jpg,Coleen
bradhitc-916.jpg,firepower
bradhitc-917.jpg,predable
bradhitc-918.jpg,crenellate
bradhitc-919.jpg,gyrophoric
bradhitc-920.jpg,transiency
bradhitc-921.jpg,optimistic
bradhitc-922.jpg,spingel
bradhitc-923.jpg,tiao
bradhitc-924.jpg,allocute
bradhitc-925.jpg,junta
bradhitc-926.jpg,cabalism
bradhitc-927.jpg,bardism
bradhitc-928.jpg,uncaste
bradhitc-929.jpg,blastoid
bradhitc-930.jpg,nabk
bradhitc-931.jpg,jocum
bradhitc-932.jpg,rosilla
bradhitc-933.jpg,bojite
bradhitc-934.jpg,archpastor
bradhitc-935.jpg,powsoddy
bradhitc-936.jpg,panelwork
bradhitc-937.jpg,title
bradhitc-938.jpg,outwoman
bradhitc-939.jpg,upheave
bradhitc-940.jpg,hyporit
bradhitc-941.jpg,scribe
bradhitc-942.jpg,faille
bradhitc-943.jpg,Crinoidea
bradhitc-944.jpg,gestation
bradhitc-945.jpg,doorkeeper
bradhitc-946.jpg,sural
bradhitc-947.jpg,xanthous
bradhitc-948.jpg,giggling
bradhitc-949.jpg,filar
bradhitc-950.jpg,unmuttered
bradhitc-951.jpg,Medina
bradhitc-952.jpg,pronate
bradhitc-953.jpg,seenie
bradhitc-954.jpg,stadimeter
bradhitc-955.jpg,coengage
bradhitc-956.jpg,keerogue
bradhitc-957.jpg,twizzened
bradhitc-958.jpg,septuple
bradhitc-959.jpg,cobrother
bradhitc-960.jpg,Dorking
bradhitc-961.jpg,uplimb
bradhitc-962.jpg,wester
bradhitc-963.jpg,televocal
bradhitc-964.jpg,animalic
bradhitc-965.jpg,Anomalon
bradhitc-966.jpg,autophone
bradhitc-967.jpg,olive
bradhitc-968.jpg,assure
bradhitc-969.jpg,gullishly
bradhitc-970.jpg,mammer
bradhitc-971.jpg,subsizar
bradhitc-972.jpg,bas
bradhitc-973.jpg,Sinkiuse
bradhitc-974.jpg,delight
bradhitc-975.jpg,exceeder
bradhitc-976.jpg,bonesetter
bradhitc-977.jpg,cecils
bradhitc-978.jpg,posterette
bradhitc-979.jpg,readvocate
bradhitc-980.jpg,lipoidemia
bradhitc-981.jpg,melopoeic
bradhitc-982.jpg,limbers
bradhitc-983.jpg,guardhouse
bradhitc-984.jpg,monospermy
bradhitc-985.jpg,dysphagic
bradhitc-986.jpg,nucleoid
bradhitc-987.jpg,gibbals
bradhitc-988.jpg,polythene
bradhitc-989.jpg,shawm
bradhitc-990.jpg,moonway
bradhitc-991.jpg,sphingal
bradhitc-992.jpg,oversound
bradhitc-993.jpg,prothrift
bradhitc-994.jpg,Humulus
bradhitc-995.jpg,oocyst
bradhitc-996.jpg,saddling
bradhitc-997.jpg,repin
bradhitc-998.jpg,nohow
bradhitc-999.jpg,cloudberry
bradhitc-1000.jpg,pyrotechny
bradhitc-1001.jpg,holer
bradhitc-1002.jpg,limpwort
bradhitc-1003.jpg,scliff
bradhitc-1004.jpg,Lycian
bradhitc-1005.jpg,thingy
bradhitc-1006.jpg,assumed
bradhitc-1007.jpg,rosel
bradhitc-1008.jpg,hyperaphia
bradhitc-1009.jpg,undialed
bradhitc-1010.jpg,rabbanite
bradhitc-1011.jpg,Osset
bradhitc-1012.jpg,ravelproof
bradhitc-1013.jpg,millionary
bradhitc-1014.jpg,billon
bradhitc-1015.jpg,comicality
bradhitc-1016.jpg,smutter
bradhitc-1017.jpg,pandowdy
bradhitc-1018.jpg,Propus
bradhitc-1019.jpg,dullsome
bradhitc-1020.jpg,dashpot
bradhitc-1021.jpg,subsidence
bradhitc-1022.jpg,ceruleum
bradhitc-1023.jpg,dimication
bradhitc-1024.jpg,cryptonym
bradhitc-1025.jpg,Titurel
bradhitc-1026.jpg,octet
bradhitc-1027.jpg,diobol
bradhitc-1028.jpg,bilinguist
bradhitc-1029.jpg,excentric
bradhitc-1030.jpg,chaeta
bradhitc-1031.jpg,asaphid
bradhitc-1032.jpg,capital
bradhitc-1033.jpg,saddle
bradhitc-1034.jpg,triclinial
bradhitc-1035.jpg,disempower
bradhitc-1036.jpg,ruble
bradhitc-1037.jpg,grower
bradhitc-1038.jpg,archival
bradhitc-1039.jpg,unwincing
bradhitc-1040.jpg,stirp
bradhitc-1041.jpg,grasper
bradhitc-1042.jpg,sheat
bradhitc-1043.jpg,unshed
bradhitc-1044.jpg,arachnid
bradhitc-1045.jpg,Roxolani
bradhitc-1046.jpg,photophony
bradhitc-1047.jpg,epilogic
bradhitc-1048.jpg,lipocyte
bradhitc-1049.jpg,necropathy
bradhitc-1050.jpg,Jesus
bradhitc-1051.jpg,adoratory
bradhitc-1052.jpg,grouthead
bradhitc-1053.jpg,nonclaim
bradhitc-1054.jpg,Bermudian
bradhitc-1055.jpg,captiously
bradhitc-1056.jpg,lastre
bradhitc-1057.jpg,endarchy
bradhitc-1058.jpg,unmeek
bradhitc-1059.jpg,pinkiness
bradhitc-1060.jpg,ishshakku
bradhitc-1061.jpg,unebbing
bradhitc-1062.jpg,fugitate
bradhitc-1063.jpg,unwastable
bradhitc-1064.jpg,surinamine
bradhitc-1065.jpg,arborical
bradhitc-1066.jpg,geum
bradhitc-1067.jpg,tailge
bradhitc-1068.jpg,other
bradhitc-1069.jpg,unedibly
bradhitc-1070.jpg,trebuchet
bradhitc-1071.jpg,sceptic
bradhitc-1072.jpg,Tangut
bradhitc-1073.jpg,pastorium
bradhitc-1074.jpg,tomboyism
bradhitc-1075.jpg,housekeep
bradhitc-1076.jpg,worshipful
bradhitc-1077.jpg,debtor
bradhitc-1078.jpg,jongleur
bradhitc-1079.jpg,axiom
bradhitc-1080.jpg,reschedule
bradhitc-1081.jpg,crandall
bradhitc-1082.jpg,coriandrol
bradhitc-1083.jpg,chemicker
bradhitc-1084.jpg,appetency
bradhitc-1085.jpg,unplodding
bradhitc-1086.jpg,toa
bradhitc-1087.jpg,overrusset
bradhitc-1088.jpg,viaduct
bradhitc-1089.jpg,keelblock
bradhitc-1090.jpg,erased
bradhitc-1091.jpg,weekend
bradhitc-1092.jpg,wannish
bradhitc-1093.jpg,leisureful
bradhitc-1094.jpg,unsolacing
bradhitc-1095.jpg,Harvey
bradhitc-1096.jpg,reprocure
bradhitc-1097.jpg,Acoelomata
bradhitc-1098.jpg,rais
bradhitc-1099.jpg,blaeness
