century_schoolbook-001.jpg,Nosema
century_schoolbook-002.jpg,myelon
century_schoolbook-003.jpg,coincide
century_schoolbook-004.jpg,Megaphyton
century_schoolbook-005.jpg,predebater
century_schoolbook-006.jpg,hurling
century_schoolbook-007.jpg,thyridial
century_schoolbook-008.jpg,saberlike
century_schoolbook-009.jpg,obfuscate
century_schoolbook-010.jpg,playwright
century_schoolbook-011.jpg,blabberer
century_schoolbook-012.jpg,Cnicus
century_schoolbook-013.jpg,jerque
century_schoolbook-014.jpg,maidish
century_schoolbook-015.jpg,Shaptan
century_schoolbook-016.jpg,Scillitan
century_schoolbook-017.jpg,porthors
century_schoolbook-018.jpg,pledgor
century_schoolbook-019.jpg,zimmis
century_schoolbook-020.jpg,Seidel
century_schoolbook-021.jpg,hoarsely
century_schoolbook-022.jpg,Lyas
century_schoolbook-023.jpg,butic
century_schoolbook-024.jpg,deformer
century_schoolbook-025.jpg,ripicolous
century_schoolbook-026.jpg,teaser
century_schoolbook-027.jpg,arachnopia
century_schoolbook-028.jpg,unshouted
century_schoolbook-029.jpg,unhand
century_schoolbook-030.jpg,sheely
century_schoolbook-031.jpg,epitapher
century_schoolbook-032.jpg,fee
century_schoolbook-033.jpg,superbrute
century_schoolbook-034.jpg,bootlicker
century_schoolbook-035.jpg,cymbate
century_schoolbook-036.jpg,abear
century_schoolbook-037.jpg,sporangia
century_schoolbook-038.jpg,fjarding
century_schoolbook-039.jpg,impudently
century_schoolbook-040.jpg,kulimit
century_schoolbook-041.jpg,sparkback
century_schoolbook-042.jpg,unladyfied
century_schoolbook-043.jpg,toxamin
century_schoolbook-044.jpg,overmighty
century_schoolbook-045.jpg,torcel
century_schoolbook-046.jpg,basiscopic
century_schoolbook-047.jpg,speel
century_schoolbook-048.jpg,groined
century_schoolbook-049.jpg,escritoire
century_schoolbook-050.jpg,bastinado
century_schoolbook-051.jpg,stele
century_schoolbook-052.jpg,civility
century_schoolbook-053.jpg,span
century_schoolbook-054.jpg,root
century_schoolbook-055.jpg,durant
century_schoolbook-056.jpg,liner
century_schoolbook-057.jpg,histozoic
century_schoolbook-058.jpg,antirabies
century_schoolbook-059.jpg,hopperburn
century_schoolbook-060.jpg,reroot
century_schoolbook-061.jpg,coheritage
century_schoolbook-062.jpg,tegumen
century_schoolbook-063.jpg,skey
century_schoolbook-064.jpg,chilidium
century_schoolbook-065.jpg,foreheater
century_schoolbook-066.jpg,urosome
century_schoolbook-067.jpg,broadly
century_schoolbook-068.jpg,along
century_schoolbook-069.jpg,hodiernal
century_schoolbook-070.jpg,kenning
century_schoolbook-071.jpg,lacerable
century_schoolbook-072.jpg,prejustify
century_schoolbook-073.jpg,Egyptian
century_schoolbook-074.jpg,Rommany
century_schoolbook-075.jpg,ascending
century_schoolbook-076.jpg,culottic
century_schoolbook-077.jpg,oxytocous
century_schoolbook-078.jpg,train
century_schoolbook-079.jpg,formlessly
century_schoolbook-080.jpg,totquot
century_schoolbook-081.jpg,baldachino
century_schoolbook-082.jpg,lawmonger
century_schoolbook-083.jpg,gingerness
century_schoolbook-084.jpg,issue
century_schoolbook-085.jpg,nonthinker
century_schoolbook-086.jpg,ethonomic
century_schoolbook-087.jpg,silicium
century_schoolbook-088.jpg,stupidish
century_schoolbook-089.jpg,warmness
century_schoolbook-090.jpg,dribbler
century_schoolbook-091.jpg,cappy
century_schoolbook-092.jpg,metrify
century_schoolbook-093.jpg,souslik
century_schoolbook-094.jpg,jactance
century_schoolbook-095.jpg,Renardine
century_schoolbook-096.jpg,pelike
century_schoolbook-097.jpg,excuse
century_schoolbook-098.jpg,Navarrese
century_schoolbook-099.jpg,Slavonism
century_schoolbook-100.jpg,helicopter
century_schoolbook-101.jpg,Eppie
century_schoolbook-102.jpg,apologize
century_schoolbook-103.jpg,Psorophora
century_schoolbook-104.jpg,palanka
century_schoolbook-105.jpg,cockarouse
century_schoolbook-106.jpg,mancipium
century_schoolbook-107.jpg,fishy
century_schoolbook-108.jpg,preconsent
century_schoolbook-109.jpg,karagan
century_schoolbook-110.jpg,Cinnamomum
century_schoolbook-111.jpg,coop
century_schoolbook-112.jpg,federator
century_schoolbook-113.jpg,papaya
century_schoolbook-114.jpg,landside
century_schoolbook-115.jpg,suckable
century_schoolbook-116.jpg,fervidly
century_schoolbook-117.jpg,ryot
century_schoolbook-118.jpg,rebeguile
century_schoolbook-119.jpg,tavolatite
century_schoolbook-120.jpg,Bristol
century_schoolbook-121.jpg,Ajaja
century_schoolbook-122.jpg,antiflux
century_schoolbook-123.jpg,animatism
century_schoolbook-124.jpg,panococo
century_schoolbook-125.jpg,smouse
century_schoolbook-126.jpg,estivation
century_schoolbook-127.jpg,diswood
century_schoolbook-128.jpg,munch
century_schoolbook-129.jpg,geogony
century_schoolbook-130.jpg,prerental
century_schoolbook-131.jpg,slide
century_schoolbook-132.jpg,debut
century_schoolbook-133.jpg,Indologist
century_schoolbook-134.jpg,aspersive
century_schoolbook-135.jpg,spiffing
century_schoolbook-136.jpg,veridical
century_schoolbook-137.jpg,Semiticism
century_schoolbook-138.jpg,capucine
century_schoolbook-139.jpg,grillade
century_schoolbook-140.jpg,pewing
century_schoolbook-141.jpg,sinaite
century_schoolbook-142.jpg,explicator
century_schoolbook-143.jpg,musicality
century_schoolbook-144.jpg,ringable
century_schoolbook-145.jpg,dreamful
century_schoolbook-146.jpg,quiddler
century_schoolbook-147.jpg,tachogram
century_schoolbook-148.jpg,sirenoid
century_schoolbook-149.jpg,Titmarsh
century_schoolbook-150.jpg,uncurable
century_schoolbook-151.jpg,novilunar
century_schoolbook-152.jpg,coner
century_schoolbook-153.jpg,Fissipes
century_schoolbook-154.jpg,Zabian
century_schoolbook-155.jpg,dacoity
century_schoolbook-156.jpg,indemnitor
century_schoolbook-157.jpg,encryption
century_schoolbook-158.jpg,functional
century_schoolbook-159.jpg,braceleted
century_schoolbook-160.jpg,sexangled
century_schoolbook-161.jpg,Supai
century_schoolbook-162.jpg,subsegment
century_schoolbook-163.jpg,aplanatic
century_schoolbook-164.jpg,blatjang
century_schoolbook-165.jpg,heroical
century_schoolbook-166.jpg,stairstep
century_schoolbook-167.jpg,kagu
century_schoolbook-168.jpg,herniate
century_schoolbook-169.jpg,philippus
century_schoolbook-170.jpg,Mohineyam
century_schoolbook-171.jpg,goetical
century_schoolbook-172.jpg,portal
century_schoolbook-173.jpg,evergreen
century_schoolbook-174.jpg,salutary
century_schoolbook-175.jpg,parciloquy
century_schoolbook-176.jpg,presumer
century_schoolbook-177.jpg,perula
century_schoolbook-178.jpg,footings
century_schoolbook-179.jpg,Vernonia
century_schoolbook-180.jpg,grudgeful
century_schoolbook-181.jpg,Frenchy
century_schoolbook-182.jpg,grassation
century_schoolbook-183.jpg,Orthis
century_schoolbook-184.jpg,hexacanth
century_schoolbook-185.jpg,lung
century_schoolbook-186.jpg,antifreeze
century_schoolbook-187.jpg,onymancy
century_schoolbook-188.jpg,asymmetry
century_schoolbook-189.jpg,euphonize
century_schoolbook-190.jpg,firebreak
century_schoolbook-191.jpg,oxidase
century_schoolbook-192.jpg,redream
century_schoolbook-193.jpg,xenophile
century_schoolbook-194.jpg,iliosacral
century_schoolbook-195.jpg,presenile
century_schoolbook-196.jpg,chevesaile
century_schoolbook-197.jpg,Notidani
century_schoolbook-198.jpg,Hilary
century_schoolbook-199.jpg,Leora
century_schoolbook-200.jpg,teetotal
century_schoolbook-201.jpg,saccomyoid
century_schoolbook-202.jpg,interlot
century_schoolbook-203.jpg,rath
century_schoolbook-204.jpg,argotic
century_schoolbook-205.jpg,endosmosis
century_schoolbook-206.jpg,froster
century_schoolbook-207.jpg,kilting
century_schoolbook-208.jpg,jarfly
century_schoolbook-209.jpg,eusuchian
century_schoolbook-210.jpg,compilator
century_schoolbook-211.jpg,alefnull
century_schoolbook-212.jpg,centriscid
century_schoolbook-213.jpg,verd
century_schoolbook-214.jpg,gallous
century_schoolbook-215.jpg,eidolology
century_schoolbook-216.jpg,churled
century_schoolbook-217.jpg,suckage
century_schoolbook-218.jpg,Codiaceae
century_schoolbook-219.jpg,inner
century_schoolbook-220.jpg,Palaic
century_schoolbook-221.jpg,quashey
century_schoolbook-222.jpg,jermonal
century_schoolbook-223.jpg,forecast
century_schoolbook-224.jpg,biolith
century_schoolbook-225.jpg,sportfully
century_schoolbook-226.jpg,inherit
century_schoolbook-227.jpg,millable
century_schoolbook-228.jpg,unhaunt
century_schoolbook-229.jpg,Odostemon
century_schoolbook-230.jpg,subnormal
century_schoolbook-231.jpg,peba
century_schoolbook-232.jpg,pressurize
century_schoolbook-233.jpg,ignoble
century_schoolbook-234.jpg,unpotted
century_schoolbook-235.jpg,tineman
century_schoolbook-236.jpg,Molothrus
century_schoolbook-237.jpg,vierling
century_schoolbook-238.jpg,infestant
century_schoolbook-239.jpg,kromogram
century_schoolbook-240.jpg,sheathing
century_schoolbook-241.jpg,Centaurid
century_schoolbook-242.jpg,griffinism
century_schoolbook-243.jpg,loxic
century_schoolbook-244.jpg,ribose
century_schoolbook-245.jpg,cowal
century_schoolbook-246.jpg,Darjeeling
century_schoolbook-247.jpg,meed
century_schoolbook-248.jpg,stanchable
century_schoolbook-249.jpg,lam
century_schoolbook-250.jpg,zebralike
century_schoolbook-251.jpg,cannulated
century_schoolbook-252.jpg,sorite
century_schoolbook-253.jpg,corectome
century_schoolbook-254.jpg,libelous
century_schoolbook-255.jpg,Sylvia
century_schoolbook-256.jpg,colorer
century_schoolbook-257.jpg,melotragic
century_schoolbook-258.jpg,paradoxism
century_schoolbook-259.jpg,placatory
century_schoolbook-260.jpg,unformal
century_schoolbook-261.jpg,interpeal
century_schoolbook-262.jpg,mantis
century_schoolbook-263.jpg,theomantic
century_schoolbook-264.jpg,retia
century_schoolbook-265.jpg,smuggish
century_schoolbook-266.jpg,Walt
century_schoolbook-267.jpg,trustily
century_schoolbook-268.jpg,demurring
century_schoolbook-269.jpg,demibeast
century_schoolbook-270.jpg,flaggery
century_schoolbook-271.jpg,helicon
century_schoolbook-272.jpg,radical
century_schoolbook-273.jpg,filature
century_schoolbook-274.jpg,cruck
century_schoolbook-275.jpg,epiphora
century_schoolbook-276.jpg,rostroid
century_schoolbook-277.jpg,forehold
century_schoolbook-278.jpg,detailist
century_schoolbook-279.jpg,thatchy
century_schoolbook-280.jpg,Hades
century_schoolbook-281.jpg,tay
century_schoolbook-282.jpg,mogo
century_schoolbook-283.jpg,layland
century_schoolbook-284.jpg,adipometer
century_schoolbook-285.jpg,bailee
century_schoolbook-286.jpg,slane
century_schoolbook-287.jpg,unenounced
century_schoolbook-288.jpg,path
century_schoolbook-289.jpg,adulteress
century_schoolbook-290.jpg,replod
century_schoolbook-291.jpg,weighbar
century_schoolbook-292.jpg,orthoscope
century_schoolbook-293.jpg,meal
century_schoolbook-294.jpg,moist
century_schoolbook-295.jpg,Syrnium
century_schoolbook-296.jpg,tozee
century_schoolbook-297.jpg,aratory
century_schoolbook-298.jpg,handwork
century_schoolbook-299.jpg,psalis
century_schoolbook-300.jpg,saffron
century_schoolbook-301.jpg,unpractice
century_schoolbook-302.jpg,couplet
century_schoolbook-303.jpg,precharge
century_schoolbook-304.jpg,tarryingly
century_schoolbook-305.jpg,lichenoid
century_schoolbook-306.jpg,cabda
century_schoolbook-307.jpg,disenthral
century_schoolbook-308.jpg,charivari
century_schoolbook-309.jpg,geikielite
century_schoolbook-310.jpg,hoped
century_schoolbook-311.jpg,traitress
century_schoolbook-312.jpg,Kayasth
century_schoolbook-313.jpg,Gulf
century_schoolbook-314.jpg,mosesite
century_schoolbook-315.jpg,exemplify
century_schoolbook-316.jpg,mataeology
century_schoolbook-317.jpg,tum
century_schoolbook-318.jpg,picra
century_schoolbook-319.jpg,obversion
century_schoolbook-320.jpg,mandrel
century_schoolbook-321.jpg,outcoming
century_schoolbook-322.jpg,scriven
century_schoolbook-323.jpg,arctic
century_schoolbook-324.jpg,stocker
century_schoolbook-325.jpg,reroll
century_schoolbook-326.jpg,sleek
century_schoolbook-327.jpg,monadical
century_schoolbook-328.jpg,arar
century_schoolbook-329.jpg,strepitous
century_schoolbook-330.jpg,enjoy
century_schoolbook-331.jpg,palberry
century_schoolbook-332.jpg,pentine
century_schoolbook-333.jpg,thermopile
century_schoolbook-334.jpg,kala
century_schoolbook-335.jpg,intersow
century_schoolbook-336.jpg,lazulitic
century_schoolbook-337.jpg,bimane
century_schoolbook-338.jpg,unfret
century_schoolbook-339.jpg,discerning
century_schoolbook-340.jpg,sloop
century_schoolbook-341.jpg,palfreyed
century_schoolbook-342.jpg,anaerobion
century_schoolbook-343.jpg,proem
century_schoolbook-344.jpg,choleate
century_schoolbook-345.jpg,antisiphon
century_schoolbook-346.jpg,midstroke
century_schoolbook-347.jpg,leadage
century_schoolbook-348.jpg,unplunge
century_schoolbook-349.jpg,syncoelom
century_schoolbook-350.jpg,eumitosis
century_schoolbook-351.jpg,misput
century_schoolbook-352.jpg,choenix
century_schoolbook-353.jpg,Cordaites
century_schoolbook-354.jpg,agrologic
century_schoolbook-355.jpg,defoul
century_schoolbook-356.jpg,tropeic
century_schoolbook-357.jpg,carbamate
century_schoolbook-358.jpg,traveller
century_schoolbook-359.jpg,servilize
century_schoolbook-360.jpg,watchcry
century_schoolbook-361.jpg,theriacal
century_schoolbook-362.jpg,mitrate
century_schoolbook-363.jpg,victualage
century_schoolbook-364.jpg,dich
century_schoolbook-365.jpg,slumwise
century_schoolbook-366.jpg,geobiology
century_schoolbook-367.jpg,lifetime
century_schoolbook-368.jpg,Goldy
century_schoolbook-369.jpg,anacidity
century_schoolbook-370.jpg,uncurst
century_schoolbook-371.jpg,paver
century_schoolbook-372.jpg,eating
century_schoolbook-373.jpg,oxer
century_schoolbook-374.jpg,tribute
century_schoolbook-375.jpg,puckerel
century_schoolbook-376.jpg,rodham
century_schoolbook-377.jpg,jiggle
century_schoolbook-378.jpg,leadout
century_schoolbook-379.jpg,hardwood
century_schoolbook-380.jpg,Saponaria
century_schoolbook-381.jpg,peculium
century_schoolbook-382.jpg,critical
century_schoolbook-383.jpg,cameraman
century_schoolbook-384.jpg,sharn
century_schoolbook-385.jpg,agua
century_schoolbook-386.jpg,entempest
century_schoolbook-387.jpg,myocardiac
century_schoolbook-388.jpg,cerebral
century_schoolbook-389.jpg,Porcula
century_schoolbook-390.jpg,scrambling
century_schoolbook-391.jpg,mythize
century_schoolbook-392.jpg,penttail
century_schoolbook-393.jpg,paleness
century_schoolbook-394.jpg,tarltonize
century_schoolbook-395.jpg,monogenic
century_schoolbook-396.jpg,Nathaniel
century_schoolbook-397.jpg,ptarmical
century_schoolbook-398.jpg,saltness
century_schoolbook-399.jpg,sweet
century_schoolbook-400.jpg,evict
century_schoolbook-401.jpg,killwort
century_schoolbook-402.jpg,prebelief
century_schoolbook-403.jpg,unfighting
century_schoolbook-404.jpg,Irma
century_schoolbook-405.jpg,puppetize
century_schoolbook-406.jpg,nobley
century_schoolbook-407.jpg,bitterbark
century_schoolbook-408.jpg,metatarse
century_schoolbook-409.jpg,stickleaf
century_schoolbook-410.jpg,ellagate
century_schoolbook-411.jpg,blanca
century_schoolbook-412.jpg,forspread
century_schoolbook-413.jpg,invalidish
century_schoolbook-414.jpg,semidry
century_schoolbook-415.jpg,enoplan
century_schoolbook-416.jpg,triformed
century_schoolbook-417.jpg,thorntail
century_schoolbook-418.jpg,reliable
century_schoolbook-419.jpg,leaflike
century_schoolbook-420.jpg,ominously
century_schoolbook-421.jpg,Rebecca
century_schoolbook-422.jpg,skittles
century_schoolbook-423.jpg,raff
century_schoolbook-424.jpg,convexly
century_schoolbook-425.jpg,effluvia
century_schoolbook-426.jpg,marry
century_schoolbook-427.jpg,reregulate
century_schoolbook-428.jpg,fragrance
century_schoolbook-429.jpg,under
century_schoolbook-430.jpg,Gobinism
century_schoolbook-431.jpg,illude
century_schoolbook-432.jpg,kiley
century_schoolbook-433.jpg,steg
century_schoolbook-434.jpg,rote
century_schoolbook-435.jpg,Vaseline
century_schoolbook-436.jpg,apsides
century_schoolbook-437.jpg,dutch
century_schoolbook-438.jpg,protegee
century_schoolbook-439.jpg,unhalter
century_schoolbook-440.jpg,Proparia
century_schoolbook-441.jpg,irksomely
century_schoolbook-442.jpg,eulogistic
century_schoolbook-443.jpg,majorship
century_schoolbook-444.jpg,trihydrol
century_schoolbook-445.jpg,Othake
century_schoolbook-446.jpg,arriage
century_schoolbook-447.jpg,cheapen
century_schoolbook-448.jpg,pruritic
century_schoolbook-449.jpg,harper
century_schoolbook-450.jpg,Homorelaps
century_schoolbook-451.jpg,trochili
century_schoolbook-452.jpg,corpulence
century_schoolbook-453.jpg,arracacha
century_schoolbook-454.jpg,searcher
century_schoolbook-455.jpg,stanzaic
century_schoolbook-456.jpg,hard
century_schoolbook-457.jpg,epiphysis
century_schoolbook-458.jpg,stamnos
century_schoolbook-459.jpg,atwixt
century_schoolbook-460.jpg,deathwards
century_schoolbook-461.jpg,endmatcher
century_schoolbook-462.jpg,viduated
century_schoolbook-463.jpg,Vaccinium
century_schoolbook-464.jpg,ascript
century_schoolbook-465.jpg,unweaken
century_schoolbook-466.jpg,Dicotyles
century_schoolbook-467.jpg,slammakin
century_schoolbook-468.jpg,mutch
century_schoolbook-469.jpg,undercut
century_schoolbook-470.jpg,epruinose
century_schoolbook-471.jpg,swayer
century_schoolbook-472.jpg,jacobaea
century_schoolbook-473.jpg,undercover
century_schoolbook-474.jpg,degauss
century_schoolbook-475.jpg,saneness
century_schoolbook-476.jpg,joyance
century_schoolbook-477.jpg,woodfish
century_schoolbook-478.jpg,serrulate
century_schoolbook-479.jpg,grufted
century_schoolbook-480.jpg,dawnstreak
century_schoolbook-481.jpg,crevalle
century_schoolbook-482.jpg,pyrolusite
century_schoolbook-483.jpg,oxamate
century_schoolbook-484.jpg,broiler
century_schoolbook-485.jpg,naphthene
century_schoolbook-486.jpg,searcer
century_schoolbook-487.jpg,affronter
century_schoolbook-488.jpg,errable
century_schoolbook-489.jpg,Achomawi
century_schoolbook-490.jpg,alterne
century_schoolbook-491.jpg,dismark
century_schoolbook-492.jpg,propodium
century_schoolbook-493.jpg,imagines
century_schoolbook-494.jpg,kyl
century_schoolbook-495.jpg,halibuter
century_schoolbook-496.jpg,argument
century_schoolbook-497.jpg,swinish
century_schoolbook-498.jpg,Edenize
century_schoolbook-499.jpg,alleviate
century_schoolbook-500.jpg,Rhombozoa
century_schoolbook-501.jpg,zealotic
century_schoolbook-502.jpg,Cossidae
century_schoolbook-503.jpg,preordain
century_schoolbook-504.jpg,proceeding
century_schoolbook-505.jpg,Aldhafara
century_schoolbook-506.jpg,megapode
century_schoolbook-507.jpg,toothing
century_schoolbook-508.jpg,sicklelike
century_schoolbook-509.jpg,abristle
century_schoolbook-510.jpg,quickener
century_schoolbook-511.jpg,renownedly
century_schoolbook-512.jpg,solemn
century_schoolbook-513.jpg,snowplow
century_schoolbook-514.jpg,mat
century_schoolbook-515.jpg,precompass
century_schoolbook-516.jpg,styling
century_schoolbook-517.jpg,llautu
century_schoolbook-518.jpg,gillaroo
century_schoolbook-519.jpg,Alida
century_schoolbook-520.jpg,antibromic
century_schoolbook-521.jpg,sterrinck
century_schoolbook-522.jpg,lintseed
century_schoolbook-523.jpg,pellard
century_schoolbook-524.jpg,hypinotic
century_schoolbook-525.jpg,gibbously
century_schoolbook-526.jpg,molestful
century_schoolbook-527.jpg,univorous
century_schoolbook-528.jpg,lys
century_schoolbook-529.jpg,yardsman
century_schoolbook-530.jpg,amice
century_schoolbook-531.jpg,Tracaulon
century_schoolbook-532.jpg,Jatulian
century_schoolbook-533.jpg,submucous
century_schoolbook-534.jpg,Nazirite
century_schoolbook-535.jpg,Chaldaei
century_schoolbook-536.jpg,picador
century_schoolbook-537.jpg,crossfoot
century_schoolbook-538.jpg,egotize
century_schoolbook-539.jpg,haulmy
century_schoolbook-540.jpg,shiftiness
century_schoolbook-541.jpg,tetraster
century_schoolbook-542.jpg,poophyte
century_schoolbook-543.jpg,peracidite
century_schoolbook-544.jpg,Madelon
century_schoolbook-545.jpg,Okapia
century_schoolbook-546.jpg,cumbly
century_schoolbook-547.jpg,deediness
century_schoolbook-548.jpg,Cineraria
century_schoolbook-549.jpg,battered
century_schoolbook-550.jpg,scalder
century_schoolbook-551.jpg,bandanna
century_schoolbook-552.jpg,bushranger
century_schoolbook-553.jpg,Vampyrella
century_schoolbook-554.jpg,mistaken
century_schoolbook-555.jpg,aftercause
century_schoolbook-556.jpg,bathylite
century_schoolbook-557.jpg,airfreight
century_schoolbook-558.jpg,fastuously
century_schoolbook-559.jpg,fifth
century_schoolbook-560.jpg,nuncio
century_schoolbook-561.jpg,Morris
century_schoolbook-562.jpg,osmesis
century_schoolbook-563.jpg,sistering
century_schoolbook-564.jpg,Aeolic
century_schoolbook-565.jpg,Urbanist
century_schoolbook-566.jpg,Macusi
century_schoolbook-567.jpg,colorin
century_schoolbook-568.jpg,cerealist
century_schoolbook-569.jpg,skell
century_schoolbook-570.jpg,detainal
century_schoolbook-571.jpg,parasitize
century_schoolbook-572.jpg,biflorate
century_schoolbook-573.jpg,maggoty
century_schoolbook-574.jpg,innet
century_schoolbook-575.jpg,Aberdeen
century_schoolbook-576.jpg,chyle
century_schoolbook-577.jpg,year
century_schoolbook-578.jpg,gudefather
century_schoolbook-579.jpg,rhizotomy
century_schoolbook-580.jpg,hulkage
century_schoolbook-581.jpg,Masanao
century_schoolbook-582.jpg,hunting
century_schoolbook-583.jpg,homilite
century_schoolbook-584.jpg,joyousness
century_schoolbook-585.jpg,coquicken
century_schoolbook-586.jpg,aumous
century_schoolbook-587.jpg,skelp
century_schoolbook-588.jpg,arsanilic
century_schoolbook-589.jpg,appressor
century_schoolbook-590.jpg,morbility
century_schoolbook-591.jpg,armscye
century_schoolbook-592.jpg,wardenry
century_schoolbook-593.jpg,agistment
century_schoolbook-594.jpg,indite
century_schoolbook-595.jpg,Thyris
century_schoolbook-596.jpg,fusoid
century_schoolbook-597.jpg,infirmarer
century_schoolbook-598.jpg,bemuslined
century_schoolbook-599.jpg,moucharaby
century_schoolbook-600.jpg,toxicum
century_schoolbook-601.jpg,guardant
century_schoolbook-602.jpg,wakf
century_schoolbook-603.jpg,Jake
century_schoolbook-604.jpg,Foism
century_schoolbook-605.jpg,suboblique
century_schoolbook-606.jpg,cyanopia
century_schoolbook-607.jpg,meroistic
century_schoolbook-608.jpg,expressly
century_schoolbook-609.jpg,redemolish
century_schoolbook-610.jpg,cloth
century_schoolbook-611.jpg,kneehole
century_schoolbook-612.jpg,innovant
century_schoolbook-613.jpg,twanginess
century_schoolbook-614.jpg,nestful
century_schoolbook-615.jpg,tomentum
century_schoolbook-616.jpg,auxotox
century_schoolbook-617.jpg,Galaxias
century_schoolbook-618.jpg,rotated
century_schoolbook-619.jpg,afwillite
century_schoolbook-620.jpg,denticular
century_schoolbook-621.jpg,knickpoint
century_schoolbook-622.jpg,mignonne
century_schoolbook-623.jpg,transshift
century_schoolbook-624.jpg,pasi
century_schoolbook-625.jpg,hone
century_schoolbook-626.jpg,porphyry
century_schoolbook-627.jpg,Gesnera
century_schoolbook-628.jpg,scareproof
century_schoolbook-629.jpg,Nesogaean
century_schoolbook-630.jpg,initial
century_schoolbook-631.jpg,metanilic
century_schoolbook-632.jpg,querulent
century_schoolbook-633.jpg,chumpy
century_schoolbook-634.jpg,prepontile
century_schoolbook-635.jpg,wrinklet
century_schoolbook-636.jpg,detonate
century_schoolbook-637.jpg,Mazhabi
century_schoolbook-638.jpg,homosexual
century_schoolbook-639.jpg,rightful
century_schoolbook-640.jpg,unflead
century_schoolbook-641.jpg,Atlaslike
century_schoolbook-642.jpg,bannered
century_schoolbook-643.jpg,people
century_schoolbook-644.jpg,bootyless
century_schoolbook-645.jpg,vileness
century_schoolbook-646.jpg,womanlike
century_schoolbook-647.jpg,formful
century_schoolbook-648.jpg,twifoldly
century_schoolbook-649.jpg,strewer
century_schoolbook-650.jpg,paramagnet
century_schoolbook-651.jpg,shipping
century_schoolbook-652.jpg,unbegirt
century_schoolbook-653.jpg,cointer
century_schoolbook-654.jpg,eternity
century_schoolbook-655.jpg,woofer
century_schoolbook-656.jpg,jours
century_schoolbook-657.jpg,pitmirk
century_schoolbook-658.jpg,emulous
century_schoolbook-659.jpg,deltic
century_schoolbook-660.jpg,repasser
century_schoolbook-661.jpg,Juvenalian
century_schoolbook-662.jpg,scrabble
century_schoolbook-663.jpg,reconceive
century_schoolbook-664.jpg,Illanun
century_schoolbook-665.jpg,seawife
century_schoolbook-666.jpg,mastoidale
century_schoolbook-667.jpg,neuraxial
century_schoolbook-668.jpg,Fiji
century_schoolbook-669.jpg,Laputa
century_schoolbook-670.jpg,reveler
century_schoolbook-671.jpg,Oligocene
century_schoolbook-672.jpg,larviform
century_schoolbook-673.jpg,Hyblaea
century_schoolbook-674.jpg,luciform
century_schoolbook-675.jpg,winterish
century_schoolbook-676.jpg,drowsiness
century_schoolbook-677.jpg,technicist
century_schoolbook-678.jpg,teaseler
century_schoolbook-679.jpg,hatt
century_schoolbook-680.jpg,amylolytic
century_schoolbook-681.jpg,phacoidal
century_schoolbook-682.jpg,tribble
century_schoolbook-683.jpg,somaplasm
century_schoolbook-684.jpg,Kipchak
century_schoolbook-685.jpg,porogamous
century_schoolbook-686.jpg,machinify
century_schoolbook-687.jpg,transient
century_schoolbook-688.jpg,quirksome
century_schoolbook-689.jpg,toiletry
century_schoolbook-690.jpg,opalesque
century_schoolbook-691.jpg,alternator
century_schoolbook-692.jpg,intoxicant
century_schoolbook-693.jpg,cloacaline
century_schoolbook-694.jpg,tunful
century_schoolbook-695.jpg,afterimage
century_schoolbook-696.jpg,sune
century_schoolbook-697.jpg,contrahent
century_schoolbook-698.jpg,depart
century_schoolbook-699.jpg,scobiform
century_schoolbook-700.jpg,gynospore
century_schoolbook-701.jpg,unvoting
century_schoolbook-702.jpg,reoffer
century_schoolbook-703.jpg,mango
century_schoolbook-704.jpg,septuple
century_schoolbook-705.jpg,reparable
century_schoolbook-706.jpg,Protophyta
century_schoolbook-707.jpg,standage
century_schoolbook-708.jpg,unfabling
century_schoolbook-709.jpg,underslip
century_schoolbook-710.jpg,vineatic
century_schoolbook-711.jpg,Rellyan
century_schoolbook-712.jpg,micromania
century_schoolbook-713.jpg,invitation
century_schoolbook-714.jpg,Minitari
century_schoolbook-715.jpg,lathesman
century_schoolbook-716.jpg,Euglandina
century_schoolbook-717.jpg,lysate
century_schoolbook-718.jpg,admirative
century_schoolbook-719.jpg,kapp
century_schoolbook-720.jpg,sabromin
century_schoolbook-721.jpg,Akra
century_schoolbook-722.jpg,slodder
century_schoolbook-723.jpg,maimedly
century_schoolbook-724.jpg,tweet
century_schoolbook-725.jpg,unhypnotic
century_schoolbook-726.jpg,axiform
century_schoolbook-727.jpg,bladelet
century_schoolbook-728.jpg,cocash
century_schoolbook-729.jpg,presentee
century_schoolbook-730.jpg,volery
century_schoolbook-731.jpg,tweed
century_schoolbook-732.jpg,devious
century_schoolbook-733.jpg,Swahili
century_schoolbook-734.jpg,ladler
century_schoolbook-735.jpg,glutose
century_schoolbook-736.jpg,toxically
century_schoolbook-737.jpg,panada
century_schoolbook-738.jpg,skyscraper
century_schoolbook-739.jpg,Hobbian
century_schoolbook-740.jpg,riyal
century_schoolbook-741.jpg,antemedial
century_schoolbook-742.jpg,colport
century_schoolbook-743.jpg,allotropic
century_schoolbook-744.jpg,hypopepsia
century_schoolbook-745.jpg,lawyerlike
century_schoolbook-746.jpg,horograph
century_schoolbook-747.jpg,ateuchi
century_schoolbook-748.jpg,sleyer
century_schoolbook-749.jpg,lunes
century_schoolbook-750.jpg,Eberthella
century_schoolbook-751.jpg,Pakawa
century_schoolbook-752.jpg,uloid
century_schoolbook-753.jpg,euphuist
century_schoolbook-754.jpg,unmanly
century_schoolbook-755.jpg,zumatic
century_schoolbook-756.jpg,trammelled
century_schoolbook-757.jpg,minstrel
century_schoolbook-758.jpg,gurgeon
century_schoolbook-759.jpg,misguggle
century_schoolbook-760.jpg,quave
century_schoolbook-761.jpg,townful
century_schoolbook-762.jpg,midrib
century_schoolbook-763.jpg,bulbotuber
century_schoolbook-764.jpg,Abrahamite
century_schoolbook-765.jpg,hauntingly
century_schoolbook-766.jpg,kyte
century_schoolbook-767.jpg,razz
century_schoolbook-768.jpg,kissingly
century_schoolbook-769.jpg,biparted
century_schoolbook-770.jpg,peristyle
century_schoolbook-771.jpg,denegation
century_schoolbook-772.jpg,actinian
century_schoolbook-773.jpg,wasplike
century_schoolbook-774.jpg,exosmic
century_schoolbook-775.jpg,illustrate
century_schoolbook-776.jpg,nictation
century_schoolbook-777.jpg,yesterday
century_schoolbook-778.jpg,Ligusticum
century_schoolbook-779.jpg,shruff
century_schoolbook-780.jpg,Stapelia
century_schoolbook-781.jpg,quadruplex
century_schoolbook-782.jpg,valeramide
century_schoolbook-783.jpg,sublinear
century_schoolbook-784.jpg,Amelia
century_schoolbook-785.jpg,Siredon
century_schoolbook-786.jpg,Caddoan
century_schoolbook-787.jpg,sheered
century_schoolbook-788.jpg,enveil
century_schoolbook-789.jpg,demand
century_schoolbook-790.jpg,stumper
century_schoolbook-791.jpg,lumpish
century_schoolbook-792.jpg,fear
century_schoolbook-793.jpg,coheiress
century_schoolbook-794.jpg,busybodied
century_schoolbook-795.jpg,tinned
century_schoolbook-796.jpg,shutter
century_schoolbook-797.jpg,agitable
century_schoolbook-798.jpg,rebeat
century_schoolbook-799.jpg,torchwort
century_schoolbook-800.jpg,floralize
century_schoolbook-801.jpg,apocopate
century_schoolbook-802.jpg,unbelieve
century_schoolbook-803.jpg,emulative
century_schoolbook-804.jpg,netwise
century_schoolbook-805.jpg,prismatic
century_schoolbook-806.jpg,nonforeign
century_schoolbook-807.jpg,untripping
century_schoolbook-808.jpg,indexed
century_schoolbook-809.jpg,reorder
century_schoolbook-810.jpg,Erysiphe
century_schoolbook-811.jpg,hippometer
century_schoolbook-812.jpg,thereon
century_schoolbook-813.jpg,initiative
century_schoolbook-814.jpg,submediant
century_schoolbook-815.jpg,sheephouse
century_schoolbook-816.jpg,reabsorb
century_schoolbook-817.jpg,rationally
century_schoolbook-818.jpg,Raghu
century_schoolbook-819.jpg,theodolite
century_schoolbook-820.jpg,Betulites
century_schoolbook-821.jpg,bedlamite
century_schoolbook-822.jpg,fusee
century_schoolbook-823.jpg,bolometric
century_schoolbook-824.jpg,Calicut
century_schoolbook-825.jpg,outdoors
century_schoolbook-826.jpg,flecker
century_schoolbook-827.jpg,cynipoid
century_schoolbook-828.jpg,leam
century_schoolbook-829.jpg,lurchline
century_schoolbook-830.jpg,veerable
century_schoolbook-831.jpg,odor
century_schoolbook-832.jpg,homopolic
century_schoolbook-833.jpg,colonnette
century_schoolbook-834.jpg,gunwale
century_schoolbook-835.jpg,cacophonic
century_schoolbook-836.jpg,freeness
century_schoolbook-837.jpg,subsocial
century_schoolbook-838.jpg,notching
century_schoolbook-839.jpg,becrawl
century_schoolbook-840.jpg,uneclipsed
century_schoolbook-841.jpg,Pieris
century_schoolbook-842.jpg,Dromicia
century_schoolbook-843.jpg,Larry
century_schoolbook-844.jpg,partialism
century_schoolbook-845.jpg,wandering
century_schoolbook-846.jpg,Jean
century_schoolbook-847.jpg,difform
century_schoolbook-848.jpg,replaster
century_schoolbook-849.jpg,holeproof
century_schoolbook-850.jpg,hetaera
century_schoolbook-851.jpg,unsealer
century_schoolbook-852.jpg,Empeo
century_schoolbook-853.jpg,shauwe
century_schoolbook-854.jpg,tawdrily
century_schoolbook-855.jpg,doohinkey
century_schoolbook-856.jpg,Covarecan
century_schoolbook-857.jpg,marengo
century_schoolbook-858.jpg,floroscope
century_schoolbook-859.jpg,idealize
century_schoolbook-860.jpg,goodlihead
century_schoolbook-861.jpg,cosmically
century_schoolbook-862.jpg,Miguel
century_schoolbook-863.jpg,obi
century_schoolbook-864.jpg,strickless
century_schoolbook-865.jpg,outraging
century_schoolbook-866.jpg,Squawtits
century_schoolbook-867.jpg,acampsia
century_schoolbook-868.jpg,stripe
century_schoolbook-869.jpg,spleenless
century_schoolbook-870.jpg,medieval
century_schoolbook-871.jpg,geometrid
century_schoolbook-872.jpg,palterer
century_schoolbook-873.jpg,Cuchulainn
century_schoolbook-874.jpg,rahdaree
century_schoolbook-875.jpg,phansigar
century_schoolbook-876.jpg,forevow
century_schoolbook-877.jpg,ghazism
century_schoolbook-878.jpg,choryos
century_schoolbook-879.jpg,pithecan
century_schoolbook-880.jpg,gluck
century_schoolbook-881.jpg,Medellin
century_schoolbook-882.jpg,ammocoete
century_schoolbook-883.jpg,banality
century_schoolbook-884.jpg,dodman
century_schoolbook-885.jpg,Euphues
century_schoolbook-886.jpg,equanimity
century_schoolbook-887.jpg,matutinely
century_schoolbook-888.jpg,betrinket
century_schoolbook-889.jpg,interaxis
century_schoolbook-890.jpg,betrim
century_schoolbook-891.jpg,consumpt
century_schoolbook-892.jpg,unnotched
century_schoolbook-893.jpg,undying
century_schoolbook-894.jpg,fieldish
century_schoolbook-895.jpg,angor
century_schoolbook-896.jpg,planosome
century_schoolbook-897.jpg,clobberer
century_schoolbook-898.jpg,pisk
century_schoolbook-899.jpg,unjudge
century_schoolbook-900.jpg,amphibiety
century_schoolbook-901.jpg,recusation
century_schoolbook-902.jpg,brawniness
century_schoolbook-903.jpg,Zacatec
century_schoolbook-904.jpg,pall
century_schoolbook-905.jpg,Antarctica
century_schoolbook-906.jpg,windlessly
century_schoolbook-907.jpg,dispender
century_schoolbook-908.jpg,bedraggle
century_schoolbook-909.jpg,shoreward
century_schoolbook-910.jpg,subah
century_schoolbook-911.jpg,physometra
century_schoolbook-912.jpg,maumet
century_schoolbook-913.jpg,resile
century_schoolbook-914.jpg,ingenuity
century_schoolbook-915.jpg,exocoelom
century_schoolbook-916.jpg,trophal
century_schoolbook-917.jpg,Caririan
century_schoolbook-918.jpg,missionary
century_schoolbook-919.jpg,assise
century_schoolbook-920.jpg,maldonite
century_schoolbook-921.jpg,Lodoicea
century_schoolbook-922.jpg,clang
century_schoolbook-923.jpg,unwellness
century_schoolbook-924.jpg,shoppy
century_schoolbook-925.jpg,untrowed
century_schoolbook-926.jpg,Lophopoda
century_schoolbook-927.jpg,cunning
century_schoolbook-928.jpg,macrocytic
century_schoolbook-929.jpg,sport
century_schoolbook-930.jpg,depurate
century_schoolbook-931.jpg,autoxidize
century_schoolbook-932.jpg,wileproof
century_schoolbook-933.jpg,blinkered
century_schoolbook-934.jpg,semicollar
century_schoolbook-935.jpg,dihedron
century_schoolbook-936.jpg,hoopwood
century_schoolbook-937.jpg,foliation
century_schoolbook-938.jpg,quilted
century_schoolbook-939.jpg,overtask
century_schoolbook-940.jpg,thevetin
century_schoolbook-941.jpg,expecter
century_schoolbook-942.jpg,tarn
century_schoolbook-943.jpg,ungradated
century_schoolbook-944.jpg,Bardolatry
century_schoolbook-945.jpg,symbolics
century_schoolbook-946.jpg,Subra
century_schoolbook-947.jpg,facet
century_schoolbook-948.jpg,layover
century_schoolbook-949.jpg,slumward
century_schoolbook-950.jpg,vest
century_schoolbook-951.jpg,centipede
century_schoolbook-952.jpg,resisting
century_schoolbook-953.jpg,unrecusant
century_schoolbook-954.jpg,kittenless
century_schoolbook-955.jpg,fugitive
century_schoolbook-956.jpg,amoretto
century_schoolbook-957.jpg,Tobiah
century_schoolbook-958.jpg,autumnian
century_schoolbook-959.jpg,pileous
century_schoolbook-960.jpg,isocheimal
century_schoolbook-961.jpg,ava
century_schoolbook-962.jpg,arhar
century_schoolbook-963.jpg,oncostman
century_schoolbook-964.jpg,stenosed
century_schoolbook-965.jpg,cardcase
century_schoolbook-966.jpg,goldwater
century_schoolbook-967.jpg,Taungthu
century_schoolbook-968.jpg,rheobase
century_schoolbook-969.jpg,deedbox
century_schoolbook-970.jpg,reason
century_schoolbook-971.jpg,solvend
century_schoolbook-972.jpg,iniquity
century_schoolbook-973.jpg,unleagued
century_schoolbook-974.jpg,Divvers
century_schoolbook-975.jpg,preholding
century_schoolbook-976.jpg,Melaleuca
century_schoolbook-977.jpg,mark
century_schoolbook-978.jpg,bustee
century_schoolbook-979.jpg,roseways
century_schoolbook-980.jpg,bullydom
century_schoolbook-981.jpg,overrake
century_schoolbook-982.jpg,hippolite
century_schoolbook-983.jpg,gonococcus
century_schoolbook-984.jpg,epicanthus
century_schoolbook-985.jpg,drupaceous
century_schoolbook-986.jpg,belemnitic
century_schoolbook-987.jpg,amorado
century_schoolbook-988.jpg,wieldable
century_schoolbook-989.jpg,emissive
century_schoolbook-990.jpg,disrestore
century_schoolbook-991.jpg,tricostate
century_schoolbook-992.jpg,Gepidae
century_schoolbook-993.jpg,norleucine
century_schoolbook-994.jpg,bosset
century_schoolbook-995.jpg,vizier
century_schoolbook-996.jpg,kymbalon
century_schoolbook-997.jpg,Etheostoma
century_schoolbook-998.jpg,treater
century_schoolbook-999.jpg,wickedly
century_schoolbook-1000.jpg,rand
century_schoolbook-1001.jpg,gangdom
century_schoolbook-1002.jpg,compliable
century_schoolbook-1003.jpg,sclimb
century_schoolbook-1004.jpg,twat
century_schoolbook-1005.jpg,preissue
century_schoolbook-1006.jpg,unmirthful
century_schoolbook-1007.jpg,monstrify
century_schoolbook-1008.jpg,Jason
century_schoolbook-1009.jpg,afterking
century_schoolbook-1010.jpg,gastrocele
century_schoolbook-1011.jpg,soliform
century_schoolbook-1012.jpg,forkiness
century_schoolbook-1013.jpg,predraw
century_schoolbook-1014.jpg,calcemia
century_schoolbook-1015.jpg,asepticism
century_schoolbook-1016.jpg,unembraced
century_schoolbook-1017.jpg,entomology
century_schoolbook-1018.jpg,pregustant
century_schoolbook-1019.jpg,Cucurbita
century_schoolbook-1020.jpg,plicated
century_schoolbook-1021.jpg,rimple
century_schoolbook-1022.jpg,uncoerced
century_schoolbook-1023.jpg,cenobitic
century_schoolbook-1024.jpg,paracystic
century_schoolbook-1025.jpg,audible
century_schoolbook-1026.jpg,saburra
century_schoolbook-1027.jpg,storify
century_schoolbook-1028.jpg,disband
century_schoolbook-1029.jpg,proclaimer
century_schoolbook-1030.jpg,Polymyarii
century_schoolbook-1031.jpg,scatterer
century_schoolbook-1032.jpg,gloryful
century_schoolbook-1033.jpg,arbor
century_schoolbook-1034.jpg,Wega
century_schoolbook-1035.jpg,pentane
century_schoolbook-1036.jpg,sanctifier
century_schoolbook-1037.jpg,chinwood
century_schoolbook-1038.jpg,Wykehamist
century_schoolbook-1039.jpg,Dokmarok
century_schoolbook-1040.jpg,polder
century_schoolbook-1041.jpg,Glumales
century_schoolbook-1042.jpg,Hochheimer
century_schoolbook-1043.jpg,Veronica
century_schoolbook-1044.jpg,camelman
century_schoolbook-1045.jpg,porismatic
century_schoolbook-1046.jpg,fescue
century_schoolbook-1047.jpg,catechism
century_schoolbook-1048.jpg,dovish
century_schoolbook-1049.jpg,microzyme
century_schoolbook-1050.jpg,vacational
century_schoolbook-1051.jpg,imbrute
century_schoolbook-1052.jpg,hire
century_schoolbook-1053.jpg,Tamanaco
century_schoolbook-1054.jpg,umbella
century_schoolbook-1055.jpg,oddman
century_schoolbook-1056.jpg,patavinity
century_schoolbook-1057.jpg,fleyland
century_schoolbook-1058.jpg,dammer
century_schoolbook-1059.jpg,polissoir
century_schoolbook-1060.jpg,ramiform
century_schoolbook-1061.jpg,scutulum
century_schoolbook-1062.jpg,craniotome
century_schoolbook-1063.jpg,sluttish
century_schoolbook-1064.jpg,polymorphy
century_schoolbook-1065.jpg,pimaric
century_schoolbook-1066.jpg,drowsily
century_schoolbook-1067.jpg,basta
century_schoolbook-1068.jpg,prophase
century_schoolbook-1069.jpg,uphelm
century_schoolbook-1070.jpg,expiation
century_schoolbook-1071.jpg,macular
century_schoolbook-1072.jpg,Aoife
century_schoolbook-1073.jpg,curlew
century_schoolbook-1074.jpg,solutional
century_schoolbook-1075.jpg,psychogeny
century_schoolbook-1076.jpg,refan
century_schoolbook-1077.jpg,freir
century_schoolbook-1078.jpg,reactional
century_schoolbook-1079.jpg,roomlet
century_schoolbook-1080.jpg,parapodial
century_schoolbook-1081.jpg,scotoma
century_schoolbook-1082.jpg,unrhymed
century_schoolbook-1083.jpg,Clavaria
century_schoolbook-1084.jpg,phelonion
century_schoolbook-1085.jpg,Chaldaical
century_schoolbook-1086.jpg,kirktown
century_schoolbook-1087.jpg,forthcomer
century_schoolbook-1088.jpg,assessor
century_schoolbook-1089.jpg,stellate
century_schoolbook-1090.jpg,despect
century_schoolbook-1091.jpg,Shawanese
century_schoolbook-1092.jpg,exsection
century_schoolbook-1093.jpg,argental
century_schoolbook-1094.jpg,Spironema
century_schoolbook-1095.jpg,cheerily
century_schoolbook-1096.jpg,dentinal
century_schoolbook-1097.jpg,Trigonia
century_schoolbook-1098.jpg,struthian
century_schoolbook-1099.jpg,renvoi
