comic-000.jpg,aire
comic-001.jpg,misguide
comic-002.jpg,Papiliones
comic-003.jpg,tetrasomy
comic-004.jpg,tricinium
comic-005.jpg,mettled
comic-006.jpg,skatikas
comic-007.jpg,redefecate
comic-008.jpg,trottie
comic-009.jpg,Bantam
comic-010.jpg,systolated
comic-011.jpg,wawaskeesh
comic-012.jpg,bullnose
comic-013.jpg,ribboner
comic-014.jpg,fetterer
comic-015.jpg,devil
comic-016.jpg,surgeproof
comic-017.jpg,Freekirker
comic-018.jpg,atmos
comic-019.jpg,unfathered
comic-020.jpg,Toledo
comic-021.jpg,antenave
comic-022.jpg,unnarrated
comic-023.jpg,queencake
comic-024.jpg,barefoot
comic-025.jpg,manteau
comic-026.jpg,Marcel
comic-027.jpg,spraddle
comic-028.jpg,bedframe
comic-029.jpg,decastyle
comic-030.jpg,megamere
comic-031.jpg,chlorinize
comic-032.jpg,depas
comic-033.jpg,gambia
comic-034.jpg,targetlike
comic-035.jpg,supersede
comic-036.jpg,untemper
comic-037.jpg,Entoprocta
comic-038.jpg,admirer
comic-039.jpg,bulimia
comic-040.jpg,injunctive
comic-041.jpg,physostome
comic-042.jpg,skipjack
comic-043.jpg,monovular
comic-044.jpg,compursion
comic-045.jpg,Olonetsish
comic-046.jpg,monoousian
comic-047.jpg,outgleam
comic-048.jpg,harrier
comic-049.jpg,overblouse
comic-050.jpg,urnful
comic-051.jpg,phonic
comic-052.jpg,jollier
comic-053.jpg,cotitular
comic-054.jpg,trill
comic-055.jpg,Ranquel
comic-056.jpg,neurolysis
comic-057.jpg,Anatolian
comic-058.jpg,additivity
comic-059.jpg,nongod
comic-060.jpg,Hartogia
comic-061.jpg,Balearica
comic-062.jpg,Alban
comic-063.jpg,Autosyn
comic-064.jpg,penetrable
comic-065.jpg,podargine
comic-066.jpg,noiseproof
comic-067.jpg,pituite
comic-068.jpg,stoon
comic-069.jpg,desex
comic-070.jpg,fumily
comic-071.jpg,untoured
comic-072.jpg,persico
comic-073.jpg,mousiness
comic-074.jpg,acraze
comic-075.jpg,mothless
comic-076.jpg,sanguinary
comic-077.jpg,indentor
comic-078.jpg,inset
comic-079.jpg,orthometry
comic-080.jpg,Fidac
comic-081.jpg,ribband
comic-082.jpg,jugglement
comic-083.jpg,specially
comic-084.jpg,virulence
comic-085.jpg,Siryan
comic-086.jpg,germanyl
comic-087.jpg,scruffy
comic-088.jpg,gooseboy
comic-089.jpg,Malmaison
comic-090.jpg,blendure
comic-091.jpg,metapore
comic-092.jpg,unbreezy
comic-093.jpg,keckle
comic-094.jpg,apishness
comic-095.jpg,tidology
comic-096.jpg,celioscopy
comic-097.jpg,isocyanide
comic-098.jpg,swam
comic-099.jpg,pepperroot
comic-100.jpg,harborer
comic-101.jpg,unguicorn
comic-102.jpg,overedge
comic-103.jpg,bedway
comic-104.jpg,Tineidae
comic-105.jpg,flintily
comic-106.jpg,overspend
comic-107.jpg,ureometer
comic-108.jpg,rupa
comic-109.jpg,undeterred
comic-110.jpg,marquisina
comic-111.jpg,ruination
comic-112.jpg,substory
comic-113.jpg,codebtor
comic-114.jpg,Celtiberi
comic-115.jpg,Pentandria
comic-116.jpg,Sannoisian
comic-117.jpg,Glaucium
comic-118.jpg,vineatic
comic-119.jpg,annotate
comic-120.jpg,reune
comic-121.jpg,Tataric
comic-122.jpg,smellable
comic-123.jpg,presidial
comic-124.jpg,Andromede
comic-125.jpg,azymous
comic-126.jpg,bairnwort
comic-127.jpg,ramass
comic-128.jpg,Nanny
comic-129.jpg,syringeal
comic-130.jpg,neuraxone
comic-131.jpg,immantle
comic-132.jpg,griffinism
comic-133.jpg,Nazarenism
comic-134.jpg,frolicker
comic-135.jpg,anatomist
comic-136.jpg,clash
comic-137.jpg,uprist
comic-138.jpg,fronded
comic-139.jpg,Abel
comic-140.jpg,Sephardi
comic-141.jpg,Limicolae
comic-142.jpg,squireship
comic-143.jpg,heartweed
comic-144.jpg,lumberdar
comic-145.jpg,misericord
comic-146.jpg,undelight
comic-147.jpg,epimeric
comic-148.jpg,abuttal
comic-149.jpg,encastage
comic-150.jpg,delatinize
comic-151.jpg,prerevenge
comic-152.jpg,visarga
comic-153.jpg,Eusuchia
comic-154.jpg,Spirula
comic-155.jpg,probable
comic-156.jpg,backslide
comic-157.jpg,epichirema
comic-158.jpg,eosphorite
comic-159.jpg,symphysy
comic-160.jpg,timor
comic-161.jpg,venesia
comic-162.jpg,hygrometry
comic-163.jpg,bluebreast
comic-164.jpg,afterhelp
comic-165.jpg,subjectdom
comic-166.jpg,sewless
comic-167.jpg,surplusage
comic-168.jpg,Caulerpa
comic-169.jpg,untinged
comic-170.jpg,tinworker
comic-171.jpg,wang
comic-172.jpg,Yankeeism
comic-173.jpg,hemicycle
comic-174.jpg,incurrent
comic-175.jpg,trumpeter
comic-176.jpg,pieplant
comic-177.jpg,womanfully
comic-178.jpg,tong
comic-179.jpg,dissoul
comic-180.jpg,savorily
comic-181.jpg,moroc
comic-182.jpg,lithosian
comic-183.jpg,recercelee
comic-184.jpg,phaenogam
comic-185.jpg,chilicothe
comic-186.jpg,arillodium
comic-187.jpg,serpolet
comic-188.jpg,hebegynous
comic-189.jpg,wringer
comic-190.jpg,oxychloric
comic-191.jpg,upholstery
comic-192.jpg,kriegspiel
comic-193.jpg,daddock
comic-194.jpg,Sard
comic-195.jpg,turnplate
comic-196.jpg,unroot
comic-197.jpg,Persephone
comic-198.jpg,gated
comic-199.jpg,achropsia
comic-200.jpg,stonehead
comic-201.jpg,unradical
comic-202.jpg,sleepwort
comic-203.jpg,unchastely
comic-204.jpg,satanical
comic-205.jpg,piebaldly
comic-206.jpg,Yeniseian
comic-207.jpg,unprim
comic-208.jpg,divisively
comic-209.jpg,huntswoman
comic-210.jpg,ruing
comic-211.jpg,fortify
comic-212.jpg,afterguns
comic-213.jpg,stanno
comic-214.jpg,thulir
comic-215.jpg,circuiteer
comic-216.jpg,catechism
comic-217.jpg,soaprock
comic-218.jpg,Chondrilla
comic-219.jpg,Magnolia
comic-220.jpg,overpick
comic-221.jpg,gemellus
comic-222.jpg,throve
comic-223.jpg,forfault
comic-224.jpg,azocorinth
comic-225.jpg,trivial
comic-226.jpg,sar
comic-227.jpg,elfship
comic-228.jpg,Danielic
comic-229.jpg,rasant
comic-230.jpg,elucidator
comic-231.jpg,mission
comic-232.jpg,rollback
comic-233.jpg,sneaky
comic-234.jpg,laughing
comic-235.jpg,barcarole
comic-236.jpg,tress
comic-237.jpg,plumer
comic-238.jpg,unprobity
comic-239.jpg,keeker
comic-240.jpg,precentor
comic-241.jpg,meditatist
comic-242.jpg,Fides
comic-243.jpg,knuckler
comic-244.jpg,Tarandean
comic-245.jpg,underbuoy
comic-246.jpg,Geomyidae
comic-247.jpg,decrial
comic-248.jpg,grieve
comic-249.jpg,gemmula
comic-250.jpg,spitish
comic-251.jpg,strideways
comic-252.jpg,bedoyo
comic-253.jpg,stockproof
comic-254.jpg,brutalize
comic-255.jpg,rhesus
comic-256.jpg,sneaking
comic-257.jpg,infarcted
comic-258.jpg,homotopic
comic-259.jpg,papal
comic-260.jpg,blackishly
comic-261.jpg,torsometer
comic-262.jpg,surgery
comic-263.jpg,coonily
comic-264.jpg,startish
comic-265.jpg,uncandied
comic-266.jpg,ungruesome
comic-267.jpg,Juang
comic-268.jpg,stipellate
comic-269.jpg,orientite
comic-270.jpg,kingbird
comic-271.jpg,plenilunal
comic-272.jpg,bloused
comic-273.jpg,member
comic-274.jpg,mixite
comic-275.jpg,utas
comic-276.jpg,confound
comic-277.jpg,reviling
comic-278.jpg,Vijay
comic-279.jpg,thuribuler
comic-280.jpg,Caliban
comic-281.jpg,retry
comic-282.jpg,muckthrift
comic-283.jpg,designless
comic-284.jpg,pompoleon
comic-285.jpg,asyla
comic-286.jpg,jackscrew
comic-287.jpg,Rissoa
comic-288.jpg,cinnamon
comic-289.jpg,popishly
comic-290.jpg,unadmitted
comic-291.jpg,flowerless
comic-292.jpg,hairlock
comic-293.jpg,ciconioid
comic-294.jpg,roelike
comic-295.jpg,recement
comic-296.jpg,whils
comic-297.jpg,Alliaceae
comic-298.jpg,scarflike
comic-299.jpg,insack
comic-300.jpg,pretended
comic-301.jpg,toko
comic-302.jpg,unwire
comic-303.jpg,depilate
comic-304.jpg,Trichina
comic-305.jpg,blesbok
comic-306.jpg,thujyl
comic-307.jpg,broadway
comic-308.jpg,alcidine
comic-309.jpg,whittret
comic-310.jpg,trollopy
comic-311.jpg,brakehand
comic-312.jpg,Slavish
comic-313.jpg,Hubbite
comic-314.jpg,Torrubia
comic-315.jpg,quoter
comic-316.jpg,infeminine
comic-317.jpg,unpinioned
comic-318.jpg,hologamous
comic-319.jpg,restopper
comic-320.jpg,premonitor
comic-321.jpg,rupicoline
comic-322.jpg,Psedera
comic-323.jpg,sickbed
comic-324.jpg,impart
comic-325.jpg,toher
comic-326.jpg,queriman
comic-327.jpg,downer
comic-328.jpg,densimetry
comic-329.jpg,fluocerine
comic-330.jpg,oddments
comic-331.jpg,colossi
comic-332.jpg,whish
comic-333.jpg,Antu
comic-334.jpg,featureful
comic-335.jpg,brob
comic-336.jpg,Hortense
comic-337.jpg,holder
comic-338.jpg,witter
comic-339.jpg,unscramble
comic-340.jpg,irritancy
comic-341.jpg,cumbrance
comic-342.jpg,Acoemeti
comic-343.jpg,bebump
comic-344.jpg,overpray
comic-345.jpg,tenesmus
comic-346.jpg,lonely
comic-347.jpg,overboast
comic-348.jpg,quiddative
comic-349.jpg,indicible
comic-350.jpg,horometry
comic-351.jpg,Gymnoconia
comic-352.jpg,unbolt
comic-353.jpg,cupidinous
comic-354.jpg,dribbler
comic-355.jpg,opsimathy
comic-356.jpg,kele
comic-357.jpg,agedness
comic-358.jpg,unsated
comic-359.jpg,vistaless
comic-360.jpg,eyedness
comic-361.jpg,zoography
comic-362.jpg,cleeked
comic-363.jpg,Passeres
comic-364.jpg,rereel
comic-365.jpg,constrict
comic-366.jpg,jolthead
comic-367.jpg,ungulate
comic-368.jpg,Nabalism
comic-369.jpg,Symphytum
comic-370.jpg,pyrometry
comic-371.jpg,ladyling
comic-372.jpg,active
comic-373.jpg,Elohim
comic-374.jpg,feliform
comic-375.jpg,phytogenic
comic-376.jpg,receival
comic-377.jpg,multifid
comic-378.jpg,sorbitic
comic-379.jpg,galenic
comic-380.jpg,mucksweat
comic-381.jpg,tentful
comic-382.jpg,hanif
comic-383.jpg,unornate
comic-384.jpg,Turkify
comic-385.jpg,micropyle
comic-386.jpg,tirrlie
comic-387.jpg,outlooker
comic-388.jpg,humpty
comic-389.jpg,unparfit
comic-390.jpg,deduct
comic-391.jpg,gravemaker
comic-392.jpg,afterhope
comic-393.jpg,klippen
comic-394.jpg,assuring
comic-395.jpg,personate
comic-396.jpg,Ipomoea
comic-397.jpg,attendant
comic-398.jpg,tesseraic
comic-399.jpg,squaloid
comic-400.jpg,chonolith
comic-401.jpg,filibeg
comic-402.jpg,caroa
comic-403.jpg,nomismata
comic-404.jpg,butanolide
comic-405.jpg,antiface
comic-406.jpg,blate
comic-407.jpg,squidge
comic-408.jpg,tormentive
comic-409.jpg,Jesuitical
comic-410.jpg,Tapinoma
comic-411.jpg,vesication
comic-412.jpg,declivate
comic-413.jpg,sheargrass
comic-414.jpg,heterotaxy
comic-415.jpg,extemporal
comic-416.jpg,traumatize
comic-417.jpg,ribandry
comic-418.jpg,nonirate
comic-419.jpg,galeage
comic-420.jpg,argol
comic-421.jpg,lader
comic-422.jpg,cicatrize
comic-423.jpg,bunnell
comic-424.jpg,diapyesis
comic-425.jpg,superexert
comic-426.jpg,feif
comic-427.jpg,whipcord
comic-428.jpg,quailberry
comic-429.jpg,toral
comic-430.jpg,obitual
comic-431.jpg,pimp
comic-432.jpg,fimbricate
comic-433.jpg,overeager
comic-434.jpg,Genesitic
comic-435.jpg,opaquely
comic-436.jpg,bident
comic-437.jpg,sirloiny
comic-438.jpg,abater
comic-439.jpg,chromiole
comic-440.jpg,tricyclic
comic-441.jpg,adder
comic-442.jpg,resilver
comic-443.jpg,phylarchy
comic-444.jpg,thrast
comic-445.jpg,hefter
comic-446.jpg,bohea
comic-447.jpg,cosecant
comic-448.jpg,diacaustic
comic-449.jpg,pedodontic
comic-450.jpg,fud
comic-451.jpg,unipotence
comic-452.jpg,flirtish
comic-453.jpg,debauchery
comic-454.jpg,Nereid
comic-455.jpg,tallowish
comic-456.jpg,quixotical
comic-457.jpg,grunerite
comic-458.jpg,Xiphiidae
comic-459.jpg,mercery
comic-460.jpg,Myxopoda
comic-461.jpg,cubage
comic-462.jpg,flancard
comic-463.jpg,nonfaculty
comic-464.jpg,wig
comic-465.jpg,orthopathy
comic-466.jpg,antrophose
comic-467.jpg,spagyrist
comic-468.jpg,lewisson
comic-469.jpg,supertotal
comic-470.jpg,Yankeeist
comic-471.jpg,Snoquamish
comic-472.jpg,embound
comic-473.jpg,bushment
comic-474.jpg,beng
comic-475.jpg,Brahmoism
comic-476.jpg,anchorer
comic-477.jpg,fulgently
comic-478.jpg,triumphal
comic-479.jpg,Phrygian
comic-480.jpg,cingular
comic-481.jpg,batea
comic-482.jpg,cnidoblast
comic-483.jpg,thumble
comic-484.jpg,promissive
comic-485.jpg,Chama
comic-486.jpg,intercaste
comic-487.jpg,volitional
comic-488.jpg,reboard
comic-489.jpg,levee
comic-490.jpg,jecorin
comic-491.jpg,faceted
comic-492.jpg,imponent
comic-493.jpg,hidebind
comic-494.jpg,hydnaceous
comic-495.jpg,camphoric
comic-496.jpg,turwar
comic-497.jpg,bedmaker
comic-498.jpg,causate
comic-499.jpg,sidesway
comic-500.jpg,hydrol
comic-501.jpg,medalet
comic-502.jpg,manege
comic-503.jpg,fraternism
comic-504.jpg,waivery
comic-505.jpg,solaristic
comic-506.jpg,tremolist
comic-507.jpg,orage
comic-508.jpg,geocronite
comic-509.jpg,oxyl
comic-510.jpg,amchoor
comic-511.jpg,trehalose
comic-512.jpg,cavil
comic-513.jpg,madreporic
comic-514.jpg,tipple
comic-515.jpg,inheaven
comic-516.jpg,thermostat
comic-517.jpg,fellah
comic-518.jpg,brawlys
comic-519.jpg,fusoid
comic-520.jpg,factuality
comic-521.jpg,Calypso
comic-522.jpg,abscise
comic-523.jpg,pub
comic-524.jpg,Ampelopsis
comic-525.jpg,ektene
comic-526.jpg,bourock
comic-527.jpg,heterotopy
comic-528.jpg,acidulous
comic-529.jpg,angild
comic-530.jpg,Vulturidae
comic-531.jpg,sicklied
comic-532.jpg,popple
comic-533.jpg,fanglement
comic-534.jpg,wooden
comic-535.jpg,redecorate
comic-536.jpg,descensive
comic-537.jpg,unwitting
comic-538.jpg,slabby
comic-539.jpg,ovenlike
comic-540.jpg,Petaurus
comic-541.jpg,Mesadenia
comic-542.jpg,Caranx
comic-543.jpg,pondokkie
comic-544.jpg,menses
comic-545.jpg,studbook
comic-546.jpg,mousse
comic-547.jpg,prof
comic-548.jpg,imitatee
comic-549.jpg,flattener
comic-550.jpg,chagan
comic-551.jpg,saber
comic-552.jpg,huffily
comic-553.jpg,patronate
comic-554.jpg,enring
comic-555.jpg,corn
comic-556.jpg,cheatable
comic-557.jpg,addiction
comic-558.jpg,kittlish
comic-559.jpg,raw
comic-560.jpg,styptic
comic-561.jpg,Pseudechis
comic-562.jpg,entocele
comic-563.jpg,spilly
comic-564.jpg,hinddeck
comic-565.jpg,untwist
comic-566.jpg,curlylocks
comic-567.jpg,mailplane
comic-568.jpg,alkapton
comic-569.jpg,onion
comic-570.jpg,marler
comic-571.jpg,minivet
comic-572.jpg,underwheel
comic-573.jpg,cuisine
comic-574.jpg,gluish
comic-575.jpg,drawl
comic-576.jpg,seirospore
comic-577.jpg,preconcur
comic-578.jpg,reunionist
comic-579.jpg,viewless
comic-580.jpg,leperdom
comic-581.jpg,tar
comic-582.jpg,abnet
comic-583.jpg,Almira
comic-584.jpg,lenticule
comic-585.jpg,payday
comic-586.jpg,somewhen
comic-587.jpg,allopatry
comic-588.jpg,penang
comic-589.jpg,plenarily
comic-590.jpg,protoneme
comic-591.jpg,agalaxy
comic-592.jpg,dragooner
comic-593.jpg,seilenoi
comic-594.jpg,delicately
comic-595.jpg,tetrabromo
comic-596.jpg,revery
comic-597.jpg,lithuresis
comic-598.jpg,autocide
comic-599.jpg,leukotic
comic-600.jpg,Altaid
comic-601.jpg,carbazine
comic-602.jpg,unnervous
comic-603.jpg,excresce
comic-604.jpg,langle
comic-605.jpg,spirated
comic-606.jpg,whipcordy
comic-607.jpg,unruledly
comic-608.jpg,treewards
comic-609.jpg,delicate
comic-610.jpg,cadua
comic-611.jpg,necrolatry
comic-612.jpg,pernor
comic-613.jpg,assent
comic-614.jpg,pulsojet
comic-615.jpg,missyish
comic-616.jpg,vervecine
comic-617.jpg,ahmadi
comic-618.jpg,vagotomy
comic-619.jpg,antidotal
comic-620.jpg,writinger
comic-621.jpg,noyade
comic-622.jpg,nasioinial
comic-623.jpg,sexfid
comic-624.jpg,Botrydium
comic-625.jpg,tenty
comic-626.jpg,hyoidean
comic-627.jpg,bleeze
comic-628.jpg,Tabloid
comic-629.jpg,musician
comic-630.jpg,stereotypy
comic-631.jpg,doomsday
comic-632.jpg,sickle
comic-633.jpg,Poncirus
comic-634.jpg,dupedom
comic-635.jpg,snively
comic-636.jpg,honeyware
comic-637.jpg,heapy
comic-638.jpg,Scopelidae
comic-639.jpg,soothsay
comic-640.jpg,chucky
comic-641.jpg,thrustful
comic-642.jpg,phenin
comic-643.jpg,poundworth
comic-644.jpg,taylorite
comic-645.jpg,tosticate
comic-646.jpg,crupper
comic-647.jpg,Balanites
comic-648.jpg,dynamitard
comic-649.jpg,gynarchy
comic-650.jpg,suspected
comic-651.jpg,unurbane
comic-652.jpg,Siena
comic-653.jpg,Keftiu
comic-654.jpg,cursorary
comic-655.jpg,louty
comic-656.jpg,epsomite
comic-657.jpg,testoon
comic-658.jpg,fanwright
comic-659.jpg,nineted
comic-660.jpg,subareolar
comic-661.jpg,longs
comic-662.jpg,katydid
comic-663.jpg,fervidly
comic-664.jpg,preadvise
comic-665.jpg,mycele
comic-666.jpg,griffin
comic-667.jpg,sextern
comic-668.jpg,subfactor
comic-669.jpg,simplicist
comic-670.jpg,enlivening
comic-671.jpg,mumpishly
comic-672.jpg,quirky
comic-673.jpg,balsamy
comic-674.jpg,enneasemic
comic-675.jpg,daintily
comic-676.jpg,penacute
comic-677.jpg,coccydynia
comic-678.jpg,cartograph
comic-679.jpg,adrip
comic-680.jpg,subpleural
comic-681.jpg,coupleteer
comic-682.jpg,extensible
comic-683.jpg,premerit
comic-684.jpg,suaharo
comic-685.jpg,gaffer
comic-686.jpg,Abarambo
comic-687.jpg,vidual
comic-688.jpg,oppressor
comic-689.jpg,demonifuge
comic-690.jpg,alloeotic
comic-691.jpg,pondweed
comic-692.jpg,bludgeoned
comic-693.jpg,sulphone
comic-694.jpg,codeposit
comic-695.jpg,pyrena
comic-696.jpg,fistulous
comic-697.jpg,dubitate
comic-698.jpg,nonfat
comic-699.jpg,hydrophile
comic-700.jpg,Almoravid
comic-701.jpg,Manyema
comic-702.jpg,magical
comic-703.jpg,plank
comic-704.jpg,chenica
comic-705.jpg,Kentuckian
comic-706.jpg,intendit
comic-707.jpg,nervy
comic-708.jpg,Donet
comic-709.jpg,squiffy
comic-710.jpg,presavage
comic-711.jpg,underhead
comic-712.jpg,chorten
comic-713.jpg,prothyl
comic-714.jpg,xylite
comic-715.jpg,deodorizer
comic-716.jpg,phytomonad
comic-717.jpg,harmel
comic-718.jpg,headlock
comic-719.jpg,idrialine
comic-720.jpg,flatulence
comic-721.jpg,gonimium
comic-722.jpg,negrohead
comic-723.jpg,theatron
comic-724.jpg,misgauge
comic-725.jpg,ergasia
comic-726.jpg,coquille
comic-727.jpg,Quakerlet
comic-728.jpg,Spartanism
comic-729.jpg,mirksome
comic-730.jpg,killcu
comic-731.jpg,aeronat
comic-732.jpg,blooddrops
comic-733.jpg,canoeist
comic-734.jpg,roadable
comic-735.jpg,catch
comic-736.jpg,yea
comic-737.jpg,dorsomesal
comic-738.jpg,Ronsardian
comic-739.jpg,specialism
comic-740.jpg,veerable
comic-741.jpg,fluke
comic-742.jpg,stourness
comic-743.jpg,laneway
comic-744.jpg,eupathy
comic-745.jpg,gerastian
comic-746.jpg,vivency
comic-747.jpg,brevier
comic-748.jpg,gyps
comic-749.jpg,millifarad
comic-750.jpg,meadow
comic-751.jpg,sorbate
comic-752.jpg,nasicorn
comic-753.jpg,polycratic
comic-754.jpg,omophagist
comic-755.jpg,Valeriana
comic-756.jpg,boorish
comic-757.jpg,strawless
comic-758.jpg,illapsable
comic-759.jpg,compacted
comic-760.jpg,autoharp
comic-761.jpg,haddock
comic-762.jpg,unburrow
comic-763.jpg,inglobe
comic-764.jpg,lievrite
comic-765.jpg,Boreus
comic-766.jpg,transpolar
comic-767.jpg,indevoted
comic-768.jpg,biacuru
comic-769.jpg,declivous
comic-770.jpg,ovary
comic-771.jpg,repetend
comic-772.jpg,burly
comic-773.jpg,libelist
comic-774.jpg,Proteosoma
comic-775.jpg,acquittal
comic-776.jpg,churchite
comic-777.jpg,anomy
comic-778.jpg,glossiness
comic-779.jpg,oneiric
comic-780.jpg,atropamine
comic-781.jpg,utopist
comic-782.jpg,shittim
comic-783.jpg,leonine
comic-784.jpg,buccal
comic-785.jpg,manstealer
comic-786.jpg,bear
comic-787.jpg,ungroaning
comic-788.jpg,furniture
comic-789.jpg,housefly
comic-790.jpg,anvilsmith
comic-791.jpg,Heptateuch
comic-792.jpg,yaourti
comic-793.jpg,sauropod
comic-794.jpg,ablude
comic-795.jpg,owerby
comic-796.jpg,polymyoid
comic-797.jpg,Laudist
comic-798.jpg,glegness
comic-799.jpg,rancidly
comic-800.jpg,duckie
comic-801.jpg,Duranta
comic-802.jpg,Korean
comic-803.jpg,tapermaker
comic-804.jpg,usurpatory
comic-805.jpg,dink
comic-806.jpg,hellish
comic-807.jpg,neuroglial
comic-808.jpg,theah
comic-809.jpg,muckle
comic-810.jpg,umpty
comic-811.jpg,dignitary
comic-812.jpg,suborbitar
comic-813.jpg,Jynginae
comic-814.jpg,bowing
comic-815.jpg,sedum
comic-816.jpg,burlap
comic-817.jpg,Alethea
comic-818.jpg,Oxydendrum
comic-819.jpg,notelessly
comic-820.jpg,pricked
comic-821.jpg,nephewship
comic-822.jpg,underlain
comic-823.jpg,Molala
comic-824.jpg,spark
comic-825.jpg,Giraffidae
comic-826.jpg,negrodom
comic-827.jpg,epicenity
comic-828.jpg,periaster
comic-829.jpg,underdrain
comic-830.jpg,usurpation
comic-831.jpg,trappoid
comic-832.jpg,harshen
comic-833.jpg,scaldfish
comic-834.jpg,eupepsy
comic-835.jpg,Scutigera
comic-836.jpg,checkers
comic-837.jpg,acataposis
comic-838.jpg,starred
comic-839.jpg,defamed
comic-840.jpg,polycyesis
comic-841.jpg,alway
comic-842.jpg,Auriga
comic-843.jpg,costellate
comic-844.jpg,Kosimo
comic-845.jpg,flushgate
comic-846.jpg,ligamentum
comic-847.jpg,peracetate
comic-848.jpg,nanomelia
comic-849.jpg,megaseism
comic-850.jpg,esotropic
comic-851.jpg,outbridge
comic-852.jpg,Azande
comic-853.jpg,Gruis
comic-854.jpg,plumet
comic-855.jpg,cementless
comic-856.jpg,kelchin
comic-857.jpg,unsinning
comic-858.jpg,subfacies
comic-859.jpg,chincha
comic-860.jpg,devilet
comic-861.jpg,atrolactic
comic-862.jpg,melilot
comic-863.jpg,twang
comic-864.jpg,Zoanthidea
comic-865.jpg,unspeedy
comic-866.jpg,exodos
comic-867.jpg,afghani
comic-868.jpg,smartingly
comic-869.jpg,intercanal
comic-870.jpg,underargue
comic-871.jpg,reincite
comic-872.jpg,exodromy
comic-873.jpg,odoriphore
comic-874.jpg,aorta
comic-875.jpg,warped
comic-876.jpg,splatchy
comic-877.jpg,workhand
comic-878.jpg,oxhorn
comic-879.jpg,graywacke
comic-880.jpg,Savitar
comic-881.jpg,hagiolater
comic-882.jpg,snakewise
comic-883.jpg,hindhead
comic-884.jpg,ulerythema
comic-885.jpg,ethnogeny
comic-886.jpg,plodder
comic-887.jpg,phocodont
comic-888.jpg,thumbed
comic-889.jpg,cimbia
comic-890.jpg,resew
comic-891.jpg,jeopard
comic-892.jpg,unbracing
comic-893.jpg,Bugi
comic-894.jpg,childship
comic-895.jpg,ovum
comic-896.jpg,fundiform
comic-897.jpg,bovine
comic-898.jpg,freet
comic-899.jpg,fill
comic-900.jpg,Tuna
comic-901.jpg,sarcoplast
comic-902.jpg,yahoo
comic-903.jpg,kinetical
comic-904.jpg,cording
comic-905.jpg,vitamer
comic-906.jpg,colder
comic-907.jpg,unopulent
comic-908.jpg,unpitted
comic-909.jpg,yolkiness
comic-910.jpg,fuming
comic-911.jpg,deed
comic-912.jpg,unregained
comic-913.jpg,rabatte
comic-914.jpg,semiadnate
comic-915.jpg,Coleen
comic-916.jpg,firepower
comic-917.jpg,predable
comic-918.jpg,crenellate
comic-919.jpg,gyrophoric
comic-920.jpg,transiency
comic-921.jpg,optimistic
comic-922.jpg,spingel
comic-923.jpg,tiao
comic-924.jpg,allocute
comic-925.jpg,junta
comic-926.jpg,cabalism
comic-927.jpg,bardism
comic-928.jpg,uncaste
comic-929.jpg,blastoid
comic-930.jpg,nabk
comic-931.jpg,jocum
comic-932.jpg,rosilla
comic-933.jpg,bojite
comic-934.jpg,archpastor
comic-935.jpg,powsoddy
comic-936.jpg,panelwork
comic-937.jpg,title
comic-938.jpg,outwoman
comic-939.jpg,upheave
comic-940.jpg,hyporit
comic-941.jpg,scribe
comic-942.jpg,faille
comic-943.jpg,Crinoidea
comic-944.jpg,gestation
comic-945.jpg,doorkeeper
comic-946.jpg,sural
comic-947.jpg,xanthous
comic-948.jpg,giggling
comic-949.jpg,filar
comic-950.jpg,unmuttered
comic-951.jpg,Medina
comic-952.jpg,pronate
comic-953.jpg,seenie
comic-954.jpg,stadimeter
comic-955.jpg,coengage
comic-956.jpg,keerogue
comic-957.jpg,twizzened
comic-958.jpg,septuple
comic-959.jpg,cobrother
comic-960.jpg,Dorking
comic-961.jpg,uplimb
comic-962.jpg,wester
comic-963.jpg,televocal
comic-964.jpg,animalic
comic-965.jpg,Anomalon
comic-966.jpg,autophone
comic-967.jpg,olive
comic-968.jpg,assure
comic-969.jpg,gullishly
comic-970.jpg,mammer
comic-971.jpg,subsizar
comic-972.jpg,bas
comic-973.jpg,Sinkiuse
comic-974.jpg,delight
comic-975.jpg,exceeder
comic-976.jpg,bonesetter
comic-977.jpg,cecils
comic-978.jpg,posterette
comic-979.jpg,readvocate
comic-980.jpg,lipoidemia
comic-981.jpg,melopoeic
comic-982.jpg,limbers
comic-983.jpg,guardhouse
comic-984.jpg,monospermy
comic-985.jpg,dysphagic
comic-986.jpg,nucleoid
comic-987.jpg,gibbals
comic-988.jpg,polythene
comic-989.jpg,shawm
comic-990.jpg,moonway
comic-991.jpg,sphingal
comic-992.jpg,oversound
comic-993.jpg,prothrift
comic-994.jpg,Humulus
comic-995.jpg,oocyst
comic-996.jpg,saddling
comic-997.jpg,repin
comic-998.jpg,nohow
comic-999.jpg,cloudberry
comic-1000.jpg,pyrotechny
comic-1001.jpg,holer
comic-1002.jpg,limpwort
comic-1003.jpg,scliff
comic-1004.jpg,Lycian
comic-1005.jpg,thingy
comic-1006.jpg,assumed
comic-1007.jpg,rosel
comic-1008.jpg,hyperaphia
comic-1009.jpg,undialed
comic-1010.jpg,rabbanite
comic-1011.jpg,Osset
comic-1012.jpg,ravelproof
comic-1013.jpg,millionary
comic-1014.jpg,billon
comic-1015.jpg,comicality
comic-1016.jpg,smutter
comic-1017.jpg,pandowdy
comic-1018.jpg,Propus
comic-1019.jpg,dullsome
comic-1020.jpg,dashpot
comic-1021.jpg,subsidence
comic-1022.jpg,ceruleum
comic-1023.jpg,dimication
comic-1024.jpg,cryptonym
comic-1025.jpg,Titurel
comic-1026.jpg,octet
comic-1027.jpg,diobol
comic-1028.jpg,bilinguist
comic-1029.jpg,excentric
comic-1030.jpg,chaeta
comic-1031.jpg,asaphid
comic-1032.jpg,capital
comic-1033.jpg,saddle
comic-1034.jpg,triclinial
comic-1035.jpg,disempower
comic-1036.jpg,ruble
comic-1037.jpg,grower
comic-1038.jpg,archival
comic-1039.jpg,unwincing
comic-1040.jpg,stirp
comic-1041.jpg,grasper
comic-1042.jpg,sheat
comic-1043.jpg,unshed
comic-1044.jpg,arachnid
comic-1045.jpg,Roxolani
comic-1046.jpg,photophony
comic-1047.jpg,epilogic
comic-1048.jpg,lipocyte
comic-1049.jpg,necropathy
comic-1050.jpg,Jesus
comic-1051.jpg,adoratory
comic-1052.jpg,grouthead
comic-1053.jpg,nonclaim
comic-1054.jpg,Bermudian
comic-1055.jpg,captiously
comic-1056.jpg,lastre
comic-1057.jpg,endarchy
comic-1058.jpg,unmeek
comic-1059.jpg,pinkiness
comic-1060.jpg,ishshakku
comic-1061.jpg,unebbing
comic-1062.jpg,fugitate
comic-1063.jpg,unwastable
comic-1064.jpg,surinamine
comic-1065.jpg,arborical
comic-1066.jpg,geum
comic-1067.jpg,tailge
comic-1068.jpg,other
comic-1069.jpg,unedibly
comic-1070.jpg,trebuchet
comic-1071.jpg,sceptic
comic-1072.jpg,Tangut
comic-1073.jpg,pastorium
comic-1074.jpg,tomboyism
comic-1075.jpg,housekeep
comic-1076.jpg,worshipful
comic-1077.jpg,debtor
comic-1078.jpg,jongleur
comic-1079.jpg,axiom
comic-1080.jpg,reschedule
comic-1081.jpg,crandall
comic-1082.jpg,coriandrol
comic-1083.jpg,chemicker
comic-1084.jpg,appetency
comic-1085.jpg,unplodding
comic-1086.jpg,toa
comic-1087.jpg,overrusset
comic-1088.jpg,viaduct
comic-1089.jpg,keelblock
comic-1090.jpg,erased
comic-1091.jpg,weekend
comic-1092.jpg,wannish
comic-1093.jpg,leisureful
comic-1094.jpg,unsolacing
comic-1095.jpg,Harvey
comic-1096.jpg,reprocure
comic-1097.jpg,Acoelomata
comic-1098.jpg,rais
comic-1099.jpg,blaeness
