cour-000.jpg,greenback
cour-001.jpg,diasyrm
cour-002.jpg,perorative
cour-003.jpg,torpedo
cour-004.jpg,tehseel
cour-005.jpg,bepimple
cour-006.jpg,resoap
cour-007.jpg,dompt
cour-008.jpg,pangolin
cour-009.jpg,celibatory
cour-010.jpg,Leonurus
cour-011.jpg,Kongolese
cour-012.jpg,Wakore
cour-013.jpg,goalie
cour-014.jpg,atragene
cour-015.jpg,valiancy
cour-016.jpg,chirimen
cour-017.jpg,Eriocomi
cour-018.jpg,expiate
cour-019.jpg,peachwood
cour-020.jpg,try
cour-021.jpg,idolum
cour-022.jpg,Myrtilus
cour-023.jpg,aumbry
cour-024.jpg,harman
cour-025.jpg,nonliquid
cour-026.jpg,unhaunt
cour-027.jpg,bewrayment
cour-028.jpg,oxhuvud
cour-029.jpg,Getae
cour-030.jpg,pollbook
cour-031.jpg,idolodulia
cour-032.jpg,adjoin
cour-033.jpg,cateran
cour-034.jpg,polyandric
cour-035.jpg,mammate
cour-036.jpg,amongst
cour-037.jpg,yuletide
cour-038.jpg,gauby
cour-039.jpg,knifeboard
cour-040.jpg,rice
cour-041.jpg,antifreeze
cour-042.jpg,phylliform
cour-043.jpg,saturnalia
cour-044.jpg,inkslinger
cour-045.jpg,heptanone
cour-046.jpg,murrain
cour-047.jpg,Serpentes
cour-048.jpg,colloblast
cour-049.jpg,ragtimey
cour-050.jpg,nativist
cour-051.jpg,disinherit
cour-052.jpg,quadrivial
cour-053.jpg,zoonotic
cour-054.jpg,Cynias
cour-055.jpg,sabulous
cour-056.jpg,uranotil
cour-057.jpg,picnickish
cour-058.jpg,shoptalk
cour-059.jpg,ashery
cour-060.jpg,rheumy
cour-061.jpg,crissal
cour-062.jpg,olivinitic
cour-063.jpg,Diaporthe
cour-064.jpg,contour
cour-065.jpg,uptrend
cour-066.jpg,pabulatory
cour-067.jpg,trap
cour-068.jpg,palpacle
cour-069.jpg,Akwapim
cour-070.jpg,simonism
cour-071.jpg,isomer
cour-072.jpg,overusual
cour-073.jpg,killer
cour-074.jpg,axtree
cour-075.jpg,actuator
cour-076.jpg,betulinol
cour-077.jpg,mortgage
cour-078.jpg,uzaron
cour-079.jpg,propagable
cour-080.jpg,microbian
cour-081.jpg,lilaceous
cour-082.jpg,amphisarca
cour-083.jpg,grampa
cour-084.jpg,unbrailed
cour-085.jpg,Harderian
cour-086.jpg,dowp
cour-087.jpg,unhurt
cour-088.jpg,arrogation
cour-089.jpg,miasmatous
cour-090.jpg,shaded
cour-091.jpg,razzly
cour-092.jpg,jug
cour-093.jpg,unhurrying
cour-094.jpg,unperjured
cour-095.jpg,wondersome
cour-096.jpg,Esperantic
cour-097.jpg,phonotypic
cour-098.jpg,nebulated
cour-099.jpg,graze
cour-100.jpg,trivia
cour-101.jpg,spaver
cour-102.jpg,leecher
cour-103.jpg,life
cour-104.jpg,guessable
cour-105.jpg,dialect
cour-106.jpg,Mahomet
cour-107.jpg,Abby
cour-108.jpg,pistillar
cour-109.jpg,oncometric
cour-110.jpg,scruff
cour-111.jpg,windage
cour-112.jpg,Eskimoic
cour-113.jpg,methanoic
cour-114.jpg,Cuon
cour-115.jpg,schmaltz
cour-116.jpg,decayless
cour-117.jpg,ableeze
cour-118.jpg,mizzonite
cour-119.jpg,horsegate
cour-120.jpg,enderonic
cour-121.jpg,myrmecoidy
cour-122.jpg,uniporous
cour-123.jpg,distraite
cour-124.jpg,sickishly
cour-125.jpg,skunklet
cour-126.jpg,navalist
cour-127.jpg,enrough
cour-128.jpg,errorist
cour-129.jpg,mud
cour-130.jpg,ovogenous
cour-131.jpg,manche
cour-132.jpg,cenacle
cour-133.jpg,delayful
cour-134.jpg,tauranga
cour-135.jpg,Yagnob
cour-136.jpg,urologic
cour-137.jpg,enjoy
cour-138.jpg,farcinoma
cour-139.jpg,sanguisuge
cour-140.jpg,unstormed
cour-141.jpg,Reub
cour-142.jpg,lappet
cour-143.jpg,barracker
cour-144.jpg,armorist
cour-145.jpg,Ramist
cour-146.jpg,bodied
cour-147.jpg,recision
cour-148.jpg,Sodomite
cour-149.jpg,nucal
cour-150.jpg,blessingly
cour-151.jpg,edger
cour-152.jpg,Madeiran
cour-153.jpg,pipit
cour-154.jpg,unslighted
cour-155.jpg,meditation
cour-156.jpg,unwhistled
cour-157.jpg,belove
cour-158.jpg,stouten
cour-159.jpg,fistular
cour-160.jpg,waspishly
cour-161.jpg,somnambule
cour-162.jpg,langsat
cour-163.jpg,mayhappen
cour-164.jpg,hexabasic
cour-165.jpg,reinsman
cour-166.jpg,peacockly
cour-167.jpg,connubiate
cour-168.jpg,spitter
cour-169.jpg,hellebore
cour-170.jpg,cogwheel
cour-171.jpg,surveyage
cour-172.jpg,paneling
cour-173.jpg,stigmaria
cour-174.jpg,Tinne
cour-175.jpg,Messiah
cour-176.jpg,subarmor
cour-177.jpg,lintern
cour-178.jpg,conversant
cour-179.jpg,dizziness
cour-180.jpg,zygobranch
cour-181.jpg,swamp
cour-182.jpg,unshod
cour-183.jpg,pactional
cour-184.jpg,lotto
cour-185.jpg,fairlike
cour-186.jpg,tervariant
cour-187.jpg,viatic
cour-188.jpg,chickhood
cour-189.jpg,catwood
cour-190.jpg,Apargia
cour-191.jpg,whimsied
cour-192.jpg,asynaptic
cour-193.jpg,Aphrodite
cour-194.jpg,chokebore
cour-195.jpg,Shakeress
cour-196.jpg,Nassidae
cour-197.jpg,trisporous
cour-198.jpg,sporosac
cour-199.jpg,unmussed
cour-200.jpg,optimum
cour-201.jpg,nosewise
cour-202.jpg,wawa
cour-203.jpg,pappiform
cour-204.jpg,plead
cour-205.jpg,shotgun
cour-206.jpg,imperious
cour-207.jpg,distater
cour-208.jpg,uninimical
cour-209.jpg,unlooted
cour-210.jpg,cannaceous
cour-211.jpg,roccelline
cour-212.jpg,erythrean
cour-213.jpg,proteose
cour-214.jpg,remiges
cour-215.jpg,distilled
cour-216.jpg,periblast
cour-217.jpg,Brauronian
cour-218.jpg,athing
cour-219.jpg,prepoetic
cour-220.jpg,cobra
cour-221.jpg,trikerion
cour-222.jpg,isocoria
cour-223.jpg,analyse
cour-224.jpg,apology
cour-225.jpg,Cobleskill
cour-226.jpg,gumfield
cour-227.jpg,dementedly
cour-228.jpg,seamy
cour-229.jpg,hardpan
cour-230.jpg,wither
cour-231.jpg,joke
cour-232.jpg,telluride
cour-233.jpg,residenter
cour-234.jpg,gali
cour-235.jpg,deknight
cour-236.jpg,pulvino
cour-237.jpg,banisher
cour-238.jpg,delivery
cour-239.jpg,tenantism
cour-240.jpg,aerophobic
cour-241.jpg,algebraic
cour-242.jpg,geckotoid
cour-243.jpg,dextrality
cour-244.jpg,globulite
cour-245.jpg,Wend
cour-246.jpg,kerosene
cour-247.jpg,cereless
cour-248.jpg,scarman
cour-249.jpg,profanize
cour-250.jpg,lean
cour-251.jpg,dacite
cour-252.jpg,outporter
cour-253.jpg,underpier
cour-254.jpg,piazzian
cour-255.jpg,solmizate
cour-256.jpg,parkway
cour-257.jpg,zoons
cour-258.jpg,scuff
cour-259.jpg,zacate
cour-260.jpg,trierarch
cour-261.jpg,irenically
cour-262.jpg,connivancy
cour-263.jpg,onofrite
cour-264.jpg,frigoric
cour-265.jpg,thoroughly
cour-266.jpg,creese
cour-267.jpg,recomplete
cour-268.jpg,paned
cour-269.jpg,tannaitic
cour-270.jpg,Gaulic
cour-271.jpg,ambital
cour-272.jpg,taskwork
cour-273.jpg,leguan
cour-274.jpg,tennantite
cour-275.jpg,lypemania
cour-276.jpg,rabific
cour-277.jpg,unfeasted
cour-278.jpg,cholestane
cour-279.jpg,ferrum
cour-280.jpg,damager
cour-281.jpg,Spring
cour-282.jpg,cryophoric
cour-283.jpg,tarsia
cour-284.jpg,convector
cour-285.jpg,nooning
cour-286.jpg,virginally
cour-287.jpg,stella
cour-288.jpg,cacodoxian
cour-289.jpg,ravensara
cour-290.jpg,workwoman
cour-291.jpg,uranism
cour-292.jpg,trun
cour-293.jpg,choose
cour-294.jpg,nantokite
cour-295.jpg,meconic
cour-296.jpg,tarhood
cour-297.jpg,piperidine
cour-298.jpg,waybook
cour-299.jpg,simonious
cour-300.jpg,linsey
cour-301.jpg,polymastia
cour-302.jpg,ruinable
cour-303.jpg,archon
cour-304.jpg,strown
cour-305.jpg,expeditely
cour-306.jpg,outlighten
cour-307.jpg,subaltern
cour-308.jpg,gammon
cour-309.jpg,alveoli
cour-310.jpg,beride
cour-311.jpg,threepenny
cour-312.jpg,downy
cour-313.jpg,Monilia
cour-314.jpg,nutricial
cour-315.jpg,humanhood
cour-316.jpg,Celticize
cour-317.jpg,teapoy
cour-318.jpg,Euselachii
cour-319.jpg,tapacolo
cour-320.jpg,bioplastic
cour-321.jpg,gossiper
cour-322.jpg,repayment
cour-323.jpg,unpounced
cour-324.jpg,nomarchy
cour-325.jpg,fluxroot
cour-326.jpg,improvisor
cour-327.jpg,trunnion
cour-328.jpg,nul
cour-329.jpg,tittering
cour-330.jpg,invirility
cour-331.jpg,unmilitary
cour-332.jpg,unpunched
cour-333.jpg,babroot
cour-334.jpg,clarty
cour-335.jpg,die
cour-336.jpg,antistate
cour-337.jpg,biporous
cour-338.jpg,nervature
cour-339.jpg,Berber
cour-340.jpg,iambist
cour-341.jpg,palankeen
cour-342.jpg,devorative
cour-343.jpg,unburning
cour-344.jpg,patronage
cour-345.jpg,unregular
cour-346.jpg,cadalene
cour-347.jpg,Walpolean
cour-348.jpg,ecstatic
cour-349.jpg,disilicic
cour-350.jpg,neshness
cour-351.jpg,verrucosis
cour-352.jpg,mystery
cour-353.jpg,quoin
cour-354.jpg,undergarb
cour-355.jpg,tabanid
cour-356.jpg,flugelman
cour-357.jpg,diablerie
cour-358.jpg,meatman
cour-359.jpg,rubbed
cour-360.jpg,forcefully
cour-361.jpg,umbeclad
cour-362.jpg,wyn
cour-363.jpg,outtire
cour-364.jpg,Distichlis
cour-365.jpg,scotogram
cour-366.jpg,movably
cour-367.jpg,risen
cour-368.jpg,Shel
cour-369.jpg,kafir
cour-370.jpg,toughish
cour-371.jpg,Heraclidan
cour-372.jpg,unpadded
cour-373.jpg,evocator
cour-374.jpg,passen
cour-375.jpg,Saponaria
cour-376.jpg,martin
cour-377.jpg,overstate
cour-378.jpg,Ukrainer
cour-379.jpg,reeming
cour-380.jpg,Cophetua
cour-381.jpg,broma
cour-382.jpg,rokee
cour-383.jpg,Haitian
cour-384.jpg,scrimpy
cour-385.jpg,pothook
cour-386.jpg,xanthamic
cour-387.jpg,pregnable
cour-388.jpg,pinax
cour-389.jpg,gestic
cour-390.jpg,avid
cour-391.jpg,ungrooved
cour-392.jpg,chevrone
cour-393.jpg,hayloft
cour-394.jpg,sliddery
cour-395.jpg,zante
cour-396.jpg,splatterer
cour-397.jpg,waning
cour-398.jpg,troubling
cour-399.jpg,Hypnum
cour-400.jpg,unripe
cour-401.jpg,podarthral
cour-402.jpg,gargoylism
cour-403.jpg,moorsman
cour-404.jpg,holoplexia
cour-405.jpg,underwrite
cour-406.jpg,lacquering
cour-407.jpg,spelling
cour-408.jpg,speculum
cour-409.jpg,pureblood
cour-410.jpg,usefulness
cour-411.jpg,swiney
cour-412.jpg,coelestine
cour-413.jpg,adopt
cour-414.jpg,plicative
cour-415.jpg,Greta
cour-416.jpg,obsoletism
cour-417.jpg,aracari
cour-418.jpg,Mappila
cour-419.jpg,satanic
cour-420.jpg,pholido
cour-421.jpg,taise
cour-422.jpg,aitesis
cour-423.jpg,gregaritic
cour-424.jpg,isothermal
cour-425.jpg,pleonastic
cour-426.jpg,day
cour-427.jpg,untackle
cour-428.jpg,edaciously
cour-429.jpg,lightship
cour-430.jpg,outleap
cour-431.jpg,souwester
cour-432.jpg,obovate
cour-433.jpg,geology
cour-434.jpg,shakeout
cour-435.jpg,bankfull
cour-436.jpg,offendedly
cour-437.jpg,goumi
cour-438.jpg,precommit
cour-439.jpg,homely
cour-440.jpg,anhedral
cour-441.jpg,whortle
cour-442.jpg,transit
cour-443.jpg,krimmer
cour-444.jpg,numbfish
cour-445.jpg,spatha
cour-446.jpg,augurous
cour-447.jpg,gastric
cour-448.jpg,systole
cour-449.jpg,kidsman
cour-450.jpg,pushingly
cour-451.jpg,hallabaloo
cour-452.jpg,dedicator
cour-453.jpg,skiver
cour-454.jpg,nonsexual
cour-455.jpg,histogram
cour-456.jpg,stipulate
cour-457.jpg,procellous
cour-458.jpg,mentorship
cour-459.jpg,litigator
cour-460.jpg,beflour
cour-461.jpg,tali
cour-462.jpg,epilabrum
cour-463.jpg,invariant
cour-464.jpg,Lycopsida
cour-465.jpg,precardiac
cour-466.jpg,ozophene
cour-467.jpg,veracious
cour-468.jpg,redeliver
cour-469.jpg,busked
cour-470.jpg,grivet
cour-471.jpg,Cecrops
cour-472.jpg,kecksy
cour-473.jpg,mephitis
cour-474.jpg,uncharming
cour-475.jpg,mater
cour-476.jpg,valve
cour-477.jpg,causey
cour-478.jpg,spilt
cour-479.jpg,codshead
cour-480.jpg,novitiate
cour-481.jpg,sequel
cour-482.jpg,burthenman
cour-483.jpg,peppery
cour-484.jpg,Roxana
cour-485.jpg,endodermis
cour-486.jpg,flaxseed
cour-487.jpg,mobable
cour-488.jpg,viduity
cour-489.jpg,brittling
cour-490.jpg,boatful
cour-491.jpg,workingly
cour-492.jpg,tristich
cour-493.jpg,Cantab
cour-494.jpg,Tukulor
cour-495.jpg,bedrivel
cour-496.jpg,Baya
cour-497.jpg,tweaker
cour-498.jpg,cosuitor
cour-499.jpg,playward
cour-500.jpg,bifoil
cour-501.jpg,fableist
cour-502.jpg,Mellifera
cour-503.jpg,asocial
cour-504.jpg,wryness
cour-505.jpg,rufflement
cour-506.jpg,underturn
cour-507.jpg,extraovate
cour-508.jpg,otiosity
cour-509.jpg,psephitic
cour-510.jpg,dipperful
cour-511.jpg,cormophyte
cour-512.jpg,semiflexed
cour-513.jpg,timbale
cour-514.jpg,glossitic
cour-515.jpg,Gerald
cour-516.jpg,Slovenian
cour-517.jpg,daemony
cour-518.jpg,superbias
cour-519.jpg,forward
cour-520.jpg,thallose
cour-521.jpg,chlamyd
cour-522.jpg,panomphean
cour-523.jpg,franc
cour-524.jpg,stringways
cour-525.jpg,mandrake
cour-526.jpg,ectoretina
cour-527.jpg,lardacein
cour-528.jpg,modeler
cour-529.jpg,exosmosis
cour-530.jpg,dysaphia
cour-531.jpg,arbalest
cour-532.jpg,mammular
cour-533.jpg,undeported
cour-534.jpg,scolices
cour-535.jpg,myrialiter
cour-536.jpg,vermouth
cour-537.jpg,abrasax
cour-538.jpg,Vehmic
cour-539.jpg,amylum
cour-540.jpg,whelphood
cour-541.jpg,corycavine
cour-542.jpg,Sambo
cour-543.jpg,chullpa
cour-544.jpg,taiglesome
cour-545.jpg,glace
cour-546.jpg,semihorny
cour-547.jpg,gambogian
cour-548.jpg,impunely
cour-549.jpg,disrepute
cour-550.jpg,deadlight
cour-551.jpg,bellows
cour-552.jpg,perverse
cour-553.jpg,Lugnas
cour-554.jpg,bohea
cour-555.jpg,atmos
cour-556.jpg,Andean
cour-557.jpg,coradical
cour-558.jpg,humulene
cour-559.jpg,unacting
cour-560.jpg,Eriophorum
cour-561.jpg,curriculum
cour-562.jpg,piperidge
cour-563.jpg,eudaemonia
cour-564.jpg,buttwood
cour-565.jpg,cerumen
cour-566.jpg,embrown
cour-567.jpg,coastman
cour-568.jpg,triluminar
cour-569.jpg,archurger
cour-570.jpg,iracundity
cour-571.jpg,manienie
cour-572.jpg,cerillo
cour-573.jpg,Sarmatian
cour-574.jpg,joyfulness
cour-575.jpg,unleagued
cour-576.jpg,bescatter
cour-577.jpg,comatosity
cour-578.jpg,Zyryan
cour-579.jpg,telium
cour-580.jpg,coexertion
cour-581.jpg,unlicensed
cour-582.jpg,perfluent
cour-583.jpg,virgineous
cour-584.jpg,facultate
cour-585.jpg,proschool
cour-586.jpg,Inkra
cour-587.jpg,peplosed
cour-588.jpg,Ovidae
cour-589.jpg,anotia
cour-590.jpg,surpriser
cour-591.jpg,repurpose
cour-592.jpg,donatively
cour-593.jpg,Oenocarpus
cour-594.jpg,confessant
cour-595.jpg,prefixally
cour-596.jpg,lazyhood
cour-597.jpg,phallitis
cour-598.jpg,sufficient
cour-599.jpg,smut
cour-600.jpg,aphorizer
cour-601.jpg,plumiform
cour-602.jpg,neopagan
cour-603.jpg,Kuri
cour-604.jpg,genitive
cour-605.jpg,adequately
cour-606.jpg,Kim
cour-607.jpg,Ananta
cour-608.jpg,Gladstone
cour-609.jpg,didepsid
cour-610.jpg,ark
cour-611.jpg,exogamy
cour-612.jpg,tardigrade
cour-613.jpg,chirpily
cour-614.jpg,Potorous
cour-615.jpg,overlow
cour-616.jpg,velometer
cour-617.jpg,rococo
cour-618.jpg,somacule
cour-619.jpg,renovator
cour-620.jpg,Dagbane
cour-621.jpg,gelsemic
cour-622.jpg,Gemara
cour-623.jpg,factorable
cour-624.jpg,addresser
cour-625.jpg,notional
cour-626.jpg,footbridge
cour-627.jpg,heritor
cour-628.jpg,errability
cour-629.jpg,verdoy
cour-630.jpg,beading
cour-631.jpg,dullard
cour-632.jpg,Shechem
cour-633.jpg,griggles
cour-634.jpg,Hasinai
cour-635.jpg,towerless
cour-636.jpg,smokeless
cour-637.jpg,Rugger
cour-638.jpg,upperch
cour-639.jpg,Toryess
cour-640.jpg,floriscope
cour-641.jpg,brutality
cour-642.jpg,influent
cour-643.jpg,solace
cour-644.jpg,miscellany
cour-645.jpg,Pleuronema
cour-646.jpg,mankind
cour-647.jpg,unample
cour-648.jpg,tumular
cour-649.jpg,unballast
cour-650.jpg,waterwork
cour-651.jpg,shaped
cour-652.jpg,reniform
cour-653.jpg,protest
cour-654.jpg,blizz
cour-655.jpg,guaza
cour-656.jpg,bonitary
cour-657.jpg,parify
cour-658.jpg,hiddenly
cour-659.jpg,mishandle
cour-660.jpg,Phajus
cour-661.jpg,twisting
cour-662.jpg,cigarette
cour-663.jpg,farina
cour-664.jpg,footing
cour-665.jpg,Yankeedom
cour-666.jpg,untent
cour-667.jpg,nobilitate
cour-668.jpg,Pachyma
cour-669.jpg,pinchem
cour-670.jpg,larcenic
cour-671.jpg,Jatni
cour-672.jpg,undercarve
cour-673.jpg,Deneb
cour-674.jpg,microbar
cour-675.jpg,grapelike
cour-676.jpg,waterily
cour-677.jpg,Lemmus
cour-678.jpg,gastralgy
cour-679.jpg,pigface
cour-680.jpg,nonsubsidy
cour-681.jpg,detrusion
cour-682.jpg,guib
cour-683.jpg,optionor
cour-684.jpg,pondage
cour-685.jpg,foam
cour-686.jpg,craticular
cour-687.jpg,pumper
cour-688.jpg,blondine
cour-689.jpg,impeding
cour-690.jpg,Archer
cour-691.jpg,tailed
cour-692.jpg,negotiate
cour-693.jpg,geira
cour-694.jpg,artist
cour-695.jpg,greenwood
cour-696.jpg,akamatsu
cour-697.jpg,heelmaker
cour-698.jpg,template
cour-699.jpg,craniate
cour-700.jpg,trilby
cour-701.jpg,unbasket
cour-702.jpg,holeable
cour-703.jpg,Tunicata
cour-704.jpg,tinegrass
cour-705.jpg,frisky
cour-706.jpg,feudal
cour-707.jpg,amylenol
cour-708.jpg,neon
cour-709.jpg,Nicotiana
cour-710.jpg,egrimony
cour-711.jpg,jocundness
cour-712.jpg,talpetate
cour-713.jpg,probation
cour-714.jpg,gentlehood
cour-715.jpg,impiteous
cour-716.jpg,mildew
cour-717.jpg,numberless
cour-718.jpg,handgrip
cour-719.jpg,mayoral
cour-720.jpg,lamiter
cour-721.jpg,trapaceous
cour-722.jpg,tinted
cour-723.jpg,Wormian
cour-724.jpg,axoneure
cour-725.jpg,inerasably
cour-726.jpg,gunwale
cour-727.jpg,menticide
cour-728.jpg,jokelet
cour-729.jpg,subpleural
cour-730.jpg,afterdate
cour-731.jpg,uddered
cour-732.jpg,polonium
cour-733.jpg,upspear
cour-734.jpg,Rufus
cour-735.jpg,vraicking
cour-736.jpg,virgation
cour-737.jpg,chebel
cour-738.jpg,displenish
cour-739.jpg,luminal
cour-740.jpg,renitent
cour-741.jpg,crochet
cour-742.jpg,craterous
cour-743.jpg,althein
cour-744.jpg,runback
cour-745.jpg,parageusic
cour-746.jpg,longshore
cour-747.jpg,kelyphite
cour-748.jpg,cleg
cour-749.jpg,mudir
cour-750.jpg,gently
cour-751.jpg,quatuor
cour-752.jpg,Lagthing
cour-753.jpg,mangonel
cour-754.jpg,autotruck
cour-755.jpg,isonomous
cour-756.jpg,rheum
cour-757.jpg,Hispanize
cour-758.jpg,itemize
cour-759.jpg,Bashilange
cour-760.jpg,presupply
cour-761.jpg,miswish
cour-762.jpg,otacoustic
cour-763.jpg,violuric
cour-764.jpg,airfreight
cour-765.jpg,homelily
cour-766.jpg,whistler
cour-767.jpg,blitzkrieg
cour-768.jpg,oograph
cour-769.jpg,subalate
cour-770.jpg,matchmaker
cour-771.jpg,cowhide
cour-772.jpg,aphidozer
cour-773.jpg,asmack
cour-774.jpg,anhydremic
cour-775.jpg,unsaddle
cour-776.jpg,sherifate
cour-777.jpg,flukeworm
cour-778.jpg,orguinette
cour-779.jpg,Balanidae
cour-780.jpg,suprafine
cour-781.jpg,potato
cour-782.jpg,Welf
cour-783.jpg,typhia
cour-784.jpg,recommit
cour-785.jpg,enostosis
cour-786.jpg,deflowerer
cour-787.jpg,Miconia
cour-788.jpg,Chipewyan
cour-789.jpg,inhabitant
cour-790.jpg,begun
cour-791.jpg,Motazilite
cour-792.jpg,maunder
cour-793.jpg,fascicle
cour-794.jpg,evident
cour-795.jpg,midday
cour-796.jpg,rhonchal
cour-797.jpg,milfoil
cour-798.jpg,vulpine
cour-799.jpg,mediating
cour-800.jpg,eupolyzoan
cour-801.jpg,Wertherism
cour-802.jpg,unelected
cour-803.jpg,oddments
cour-804.jpg,ultracivil
cour-805.jpg,ascend
cour-806.jpg,mesorrhiny
cour-807.jpg,foresheet
cour-808.jpg,interlace
cour-809.jpg,observancy
cour-810.jpg,vinologist
cour-811.jpg,tideward
cour-812.jpg,Aeolist
cour-813.jpg,airport
cour-814.jpg,unfavoring
cour-815.jpg,aquatint
cour-816.jpg,showy
cour-817.jpg,Melinda
cour-818.jpg,nextly
cour-819.jpg,deoxidator
cour-820.jpg,nitroform
cour-821.jpg,idalia
cour-822.jpg,doit
cour-823.jpg,Gussie
cour-824.jpg,splodge
cour-825.jpg,flightless
cour-826.jpg,Aka
cour-827.jpg,bridecup
cour-828.jpg,poggy
cour-829.jpg,potassium
cour-830.jpg,assemble
cour-831.jpg,unendowing
cour-832.jpg,glossitis
cour-833.jpg,carven
cour-834.jpg,poppyhead
cour-835.jpg,pyrosis
cour-836.jpg,hilum
cour-837.jpg,canarin
cour-838.jpg,bacchic
cour-839.jpg,Walpurgis
cour-840.jpg,Ulidia
cour-841.jpg,exposed
cour-842.jpg,corneal
cour-843.jpg,atypic
cour-844.jpg,schepen
cour-845.jpg,handprint
cour-846.jpg,obdurately
cour-847.jpg,orthotonic
cour-848.jpg,crowd
cour-849.jpg,manness
cour-850.jpg,nucleon
cour-851.jpg,cystiform
cour-852.jpg,hysterogen
cour-853.jpg,cherub
cour-854.jpg,wittiness
cour-855.jpg,zincograph
cour-856.jpg,abacate
cour-857.jpg,gabbro
cour-858.jpg,dappled
cour-859.jpg,Sphyrnidae
cour-860.jpg,bahuvrihi
cour-861.jpg,extemporal
cour-862.jpg,gangway
cour-863.jpg,collinsite
cour-864.jpg,stumble
cour-865.jpg,crippling
cour-866.jpg,windtight
cour-867.jpg,odum
cour-868.jpg,rumbowline
cour-869.jpg,incrossing
cour-870.jpg,guilder
cour-871.jpg,tentful
cour-872.jpg,impurely
cour-873.jpg,vintage
cour-874.jpg,fluctuable
cour-875.jpg,uturuncu
cour-876.jpg,physalite
cour-877.jpg,unfailable
cour-878.jpg,glossily
cour-879.jpg,cystis
cour-880.jpg,bumpkinish
cour-881.jpg,gametange
cour-882.jpg,ventose
cour-883.jpg,Sita
cour-884.jpg,ringgiver
cour-885.jpg,parisonic
cour-886.jpg,liquorless
cour-887.jpg,Vip
cour-888.jpg,sickleweed
cour-889.jpg,beginner
cour-890.jpg,talaria
cour-891.jpg,belled
cour-892.jpg,capryl
cour-893.jpg,downturn
cour-894.jpg,tomtit
cour-895.jpg,filo
cour-896.jpg,bhaiachari
cour-897.jpg,rink
cour-898.jpg,Adventist
cour-899.jpg,lip
cour-900.jpg,streak
cour-901.jpg,rummagy
cour-902.jpg,maledicent
cour-903.jpg,protome
cour-904.jpg,unripely
cour-905.jpg,reteach
cour-906.jpg,shameless
cour-907.jpg,paradeful
cour-908.jpg,lancepod
cour-909.jpg,melasma
cour-910.jpg,shirewick
cour-911.jpg,hackleback
cour-912.jpg,Biota
cour-913.jpg,Fokker
cour-914.jpg,cadge
cour-915.jpg,chanceless
cour-916.jpg,Anthurium
cour-917.jpg,buccaneer
cour-918.jpg,punchboard
cour-919.jpg,abusable
cour-920.jpg,drengage
cour-921.jpg,heroinize
cour-922.jpg,radicular
cour-923.jpg,umbonation
cour-924.jpg,psittacine
cour-925.jpg,dolent
cour-926.jpg,cuminal
cour-927.jpg,girdlelike
cour-928.jpg,cockarouse
cour-929.jpg,foxhole
cour-930.jpg,heatronic
cour-931.jpg,wasteness
cour-932.jpg,brakeman
cour-933.jpg,chouse
cour-934.jpg,rectum
cour-935.jpg,cloister
cour-936.jpg,newly
cour-937.jpg,holcodont
cour-938.jpg,ignatia
cour-939.jpg,Rhytidodon
cour-940.jpg,aranga
cour-941.jpg,persilicic
cour-942.jpg,cabble
cour-943.jpg,dull
cour-944.jpg,Micropodi
cour-945.jpg,gluttoness
cour-946.jpg,Seminole
cour-947.jpg,hypostasy
cour-948.jpg,gnomology
cour-949.jpg,mallet
cour-950.jpg,parto
cour-951.jpg,subsale
cour-952.jpg,bullhide
cour-953.jpg,philliloo
cour-954.jpg,sharkful
cour-955.jpg,pipkinet
cour-956.jpg,expansible
cour-957.jpg,nonfouling
cour-958.jpg,scolite
cour-959.jpg,signorship
cour-960.jpg,caulosarc
cour-961.jpg,cutization
cour-962.jpg,Meg
cour-963.jpg,mousebird
cour-964.jpg,seedful
cour-965.jpg,unchipped
cour-966.jpg,sensuosity
cour-967.jpg,zoogenesis
cour-968.jpg,yoncopin
cour-969.jpg,quillet
cour-970.jpg,orogenic
cour-971.jpg,sycock
cour-972.jpg,bigamic
cour-973.jpg,hydriatry
cour-974.jpg,trail
cour-975.jpg,ectogenous
cour-976.jpg,elbowchair
cour-977.jpg,drinkless
cour-978.jpg,unclinical
cour-979.jpg,orderable
cour-980.jpg,subtertian
cour-981.jpg,Penitentes
cour-982.jpg,underrent
cour-983.jpg,Ballplatz
cour-984.jpg,mesochroic
cour-985.jpg,ascolichen
cour-986.jpg,outparish
cour-987.jpg,ghat
cour-988.jpg,Gallomania
cour-989.jpg,Christofer
cour-990.jpg,minter
cour-991.jpg,endore
cour-992.jpg,Castilla
cour-993.jpg,homotaxic
cour-994.jpg,meriter
cour-995.jpg,undersoul
cour-996.jpg,schlemiel
cour-997.jpg,inspire
cour-998.jpg,irideous
cour-999.jpg,hookum
cour-1000.jpg,Werther
cour-1001.jpg,Montana
cour-1002.jpg,cattiness
cour-1003.jpg,quibbler
cour-1004.jpg,polite
cour-1005.jpg,gypsyweed
cour-1006.jpg,blanketeer
cour-1007.jpg,falconbill
cour-1008.jpg,snapshot
cour-1009.jpg,campimetry
cour-1010.jpg,unillusory
cour-1011.jpg,collock
cour-1012.jpg,bepaid
cour-1013.jpg,sicca
cour-1014.jpg,intonate
cour-1015.jpg,deathworm
cour-1016.jpg,hardfisted
cour-1017.jpg,Diceras
cour-1018.jpg,worldling
cour-1019.jpg,Asuri
cour-1020.jpg,slobbery
cour-1021.jpg,face
cour-1022.jpg,groomling
cour-1023.jpg,berry
cour-1024.jpg,tapu
cour-1025.jpg,psychon
cour-1026.jpg,abrotanum
cour-1027.jpg,squinancy
cour-1028.jpg,ortiga
cour-1029.jpg,moistful
cour-1030.jpg,consultor
cour-1031.jpg,septicity
cour-1032.jpg,nickelage
cour-1033.jpg,bedot
cour-1034.jpg,doatish
cour-1035.jpg,zircon
cour-1036.jpg,beemaster
cour-1037.jpg,anatomize
cour-1038.jpg,slaky
cour-1039.jpg,Dadupanthi
cour-1040.jpg,Hollywood
cour-1041.jpg,replan
cour-1042.jpg,Bupleurum
cour-1043.jpg,unrecusant
cour-1044.jpg,dissection
cour-1045.jpg,ponier
cour-1046.jpg,cradleman
cour-1047.jpg,brannerite
cour-1048.jpg,teiglech
cour-1049.jpg,divellent
cour-1050.jpg,muckerism
cour-1051.jpg,octuplex
cour-1052.jpg,Ricardian
cour-1053.jpg,Agyieus
cour-1054.jpg,nights
cour-1055.jpg,indoxyl
cour-1056.jpg,moringuid
cour-1057.jpg,overslight
cour-1058.jpg,lithotype
cour-1059.jpg,Borderside
cour-1060.jpg,arba
cour-1061.jpg,unattired
cour-1062.jpg,harry
cour-1063.jpg,isonymy
cour-1064.jpg,pedipulate
cour-1065.jpg,sclerotica
cour-1066.jpg,featherbed
cour-1067.jpg,Elzevirian
cour-1068.jpg,affectedly
cour-1069.jpg,napery
cour-1070.jpg,zein
cour-1071.jpg,disembroil
cour-1072.jpg,pistillary
cour-1073.jpg,covertical
cour-1074.jpg,foreglance
cour-1075.jpg,harebrain
cour-1076.jpg,homilete
cour-1077.jpg,stealth
cour-1078.jpg,holophane
cour-1079.jpg,realter
cour-1080.jpg,haircloth
cour-1081.jpg,Mithraic
cour-1082.jpg,noncertain
cour-1083.jpg,sextuplet
cour-1084.jpg,retroject
cour-1085.jpg,muckraker
cour-1086.jpg,thief
cour-1087.jpg,Xylocopa
cour-1088.jpg,stoled
cour-1089.jpg,naticine
cour-1090.jpg,circling
cour-1091.jpg,swillbowl
cour-1092.jpg,piratess
cour-1093.jpg,ninetyknot
cour-1094.jpg,unmovable
cour-1095.jpg,Childermas
cour-1096.jpg,Chauna
cour-1097.jpg,Alexander
cour-1098.jpg,gulpingly
cour-1099.jpg,skere
