papyrus-000.jpg,greenback
papyrus-001.jpg,diasyrm
papyrus-002.jpg,perorative
papyrus-003.jpg,torpedo
papyrus-004.jpg,tehseel
papyrus-005.jpg,bepimple
papyrus-006.jpg,resoap
papyrus-007.jpg,dompt
papyrus-008.jpg,pangolin
papyrus-009.jpg,celibatory
papyrus-010.jpg,Leonurus
papyrus-011.jpg,Kongolese
papyrus-012.jpg,Wakore
papyrus-013.jpg,goalie
papyrus-014.jpg,atragene
papyrus-015.jpg,valiancy
papyrus-016.jpg,chirimen
papyrus-017.jpg,Eriocomi
papyrus-018.jpg,expiate
papyrus-019.jpg,peachwood
papyrus-020.jpg,try
papyrus-021.jpg,idolum
papyrus-022.jpg,Myrtilus
papyrus-023.jpg,aumbry
papyrus-024.jpg,harman
papyrus-025.jpg,nonliquid
papyrus-026.jpg,unhaunt
papyrus-027.jpg,bewrayment
papyrus-028.jpg,oxhuvud
papyrus-029.jpg,Getae
papyrus-030.jpg,pollbook
papyrus-031.jpg,idolodulia
papyrus-032.jpg,adjoin
papyrus-033.jpg,cateran
papyrus-034.jpg,polyandric
papyrus-035.jpg,mammate
papyrus-036.jpg,amongst
papyrus-037.jpg,yuletide
papyrus-038.jpg,gauby
papyrus-039.jpg,knifeboard
papyrus-040.jpg,rice
papyrus-041.jpg,antifreeze
papyrus-042.jpg,phylliform
papyrus-043.jpg,saturnalia
papyrus-044.jpg,inkslinger
papyrus-045.jpg,heptanone
papyrus-046.jpg,murrain
papyrus-047.jpg,Serpentes
papyrus-048.jpg,colloblast
papyrus-049.jpg,ragtimey
papyrus-050.jpg,nativist
papyrus-051.jpg,disinherit
papyrus-052.jpg,quadrivial
papyrus-053.jpg,zoonotic
papyrus-054.jpg,Cynias
papyrus-055.jpg,sabulous
papyrus-056.jpg,uranotil
papyrus-057.jpg,picnickish
papyrus-058.jpg,shoptalk
papyrus-059.jpg,ashery
papyrus-060.jpg,rheumy
papyrus-061.jpg,crissal
papyrus-062.jpg,olivinitic
papyrus-063.jpg,Diaporthe
papyrus-064.jpg,contour
papyrus-065.jpg,uptrend
papyrus-066.jpg,pabulatory
papyrus-067.jpg,trap
papyrus-068.jpg,palpacle
papyrus-069.jpg,Akwapim
papyrus-070.jpg,simonism
papyrus-071.jpg,isomer
papyrus-072.jpg,overusual
papyrus-073.jpg,killer
papyrus-074.jpg,axtree
papyrus-075.jpg,actuator
papyrus-076.jpg,betulinol
papyrus-077.jpg,mortgage
papyrus-078.jpg,uzaron
papyrus-079.jpg,propagable
papyrus-080.jpg,microbian
papyrus-081.jpg,lilaceous
papyrus-082.jpg,amphisarca
papyrus-083.jpg,grampa
papyrus-084.jpg,unbrailed
papyrus-085.jpg,Harderian
papyrus-086.jpg,dowp
papyrus-087.jpg,unhurt
papyrus-088.jpg,arrogation
papyrus-089.jpg,miasmatous
papyrus-090.jpg,shaded
papyrus-091.jpg,razzly
papyrus-092.jpg,jug
papyrus-093.jpg,unhurrying
papyrus-094.jpg,unperjured
papyrus-095.jpg,wondersome
papyrus-096.jpg,Esperantic
papyrus-097.jpg,phonotypic
papyrus-098.jpg,nebulated
papyrus-099.jpg,graze
papyrus-100.jpg,trivia
papyrus-101.jpg,spaver
papyrus-102.jpg,leecher
papyrus-103.jpg,life
papyrus-104.jpg,guessable
papyrus-105.jpg,dialect
papyrus-106.jpg,Mahomet
papyrus-107.jpg,Abby
papyrus-108.jpg,pistillar
papyrus-109.jpg,oncometric
papyrus-110.jpg,scruff
papyrus-111.jpg,windage
papyrus-112.jpg,Eskimoic
papyrus-113.jpg,methanoic
papyrus-114.jpg,Cuon
papyrus-115.jpg,schmaltz
papyrus-116.jpg,decayless
papyrus-117.jpg,ableeze
papyrus-118.jpg,mizzonite
papyrus-119.jpg,horsegate
papyrus-120.jpg,enderonic
papyrus-121.jpg,myrmecoidy
papyrus-122.jpg,uniporous
papyrus-123.jpg,distraite
papyrus-124.jpg,sickishly
papyrus-125.jpg,skunklet
papyrus-126.jpg,navalist
papyrus-127.jpg,enrough
papyrus-128.jpg,errorist
papyrus-129.jpg,mud
papyrus-130.jpg,ovogenous
papyrus-131.jpg,manche
papyrus-132.jpg,cenacle
papyrus-133.jpg,delayful
papyrus-134.jpg,tauranga
papyrus-135.jpg,Yagnob
papyrus-136.jpg,urologic
papyrus-137.jpg,enjoy
papyrus-138.jpg,farcinoma
papyrus-139.jpg,sanguisuge
papyrus-140.jpg,unstormed
papyrus-141.jpg,Reub
papyrus-142.jpg,lappet
papyrus-143.jpg,barracker
papyrus-144.jpg,armorist
papyrus-145.jpg,Ramist
papyrus-146.jpg,bodied
papyrus-147.jpg,recision
papyrus-148.jpg,Sodomite
papyrus-149.jpg,nucal
papyrus-150.jpg,blessingly
papyrus-151.jpg,edger
papyrus-152.jpg,Madeiran
papyrus-153.jpg,pipit
papyrus-154.jpg,unslighted
papyrus-155.jpg,meditation
papyrus-156.jpg,unwhistled
papyrus-157.jpg,belove
papyrus-158.jpg,stouten
papyrus-159.jpg,fistular
papyrus-160.jpg,waspishly
papyrus-161.jpg,somnambule
papyrus-162.jpg,langsat
papyrus-163.jpg,mayhappen
papyrus-164.jpg,hexabasic
papyrus-165.jpg,reinsman
papyrus-166.jpg,peacockly
papyrus-167.jpg,connubiate
papyrus-168.jpg,spitter
papyrus-169.jpg,hellebore
papyrus-170.jpg,cogwheel
papyrus-171.jpg,surveyage
papyrus-172.jpg,paneling
papyrus-173.jpg,stigmaria
papyrus-174.jpg,Tinne
papyrus-175.jpg,Messiah
papyrus-176.jpg,subarmor
papyrus-177.jpg,lintern
papyrus-178.jpg,conversant
papyrus-179.jpg,dizziness
papyrus-180.jpg,zygobranch
papyrus-181.jpg,swamp
papyrus-182.jpg,unshod
papyrus-183.jpg,pactional
papyrus-184.jpg,lotto
papyrus-185.jpg,fairlike
papyrus-186.jpg,tervariant
papyrus-187.jpg,viatic
papyrus-188.jpg,chickhood
papyrus-189.jpg,catwood
papyrus-190.jpg,Apargia
papyrus-191.jpg,whimsied
papyrus-192.jpg,asynaptic
papyrus-193.jpg,Aphrodite
papyrus-194.jpg,chokebore
papyrus-195.jpg,Shakeress
papyrus-196.jpg,Nassidae
papyrus-197.jpg,trisporous
papyrus-198.jpg,sporosac
papyrus-199.jpg,unmussed
papyrus-200.jpg,optimum
papyrus-201.jpg,nosewise
papyrus-202.jpg,wawa
papyrus-203.jpg,pappiform
papyrus-204.jpg,plead
papyrus-205.jpg,shotgun
papyrus-206.jpg,imperious
papyrus-207.jpg,distater
papyrus-208.jpg,uninimical
papyrus-209.jpg,unlooted
papyrus-210.jpg,cannaceous
papyrus-211.jpg,roccelline
papyrus-212.jpg,erythrean
papyrus-213.jpg,proteose
papyrus-214.jpg,remiges
papyrus-215.jpg,distilled
papyrus-216.jpg,periblast
papyrus-217.jpg,Brauronian
papyrus-218.jpg,athing
papyrus-219.jpg,prepoetic
papyrus-220.jpg,cobra
papyrus-221.jpg,trikerion
papyrus-222.jpg,isocoria
papyrus-223.jpg,analyse
papyrus-224.jpg,apology
papyrus-225.jpg,Cobleskill
papyrus-226.jpg,gumfield
papyrus-227.jpg,dementedly
papyrus-228.jpg,seamy
papyrus-229.jpg,hardpan
papyrus-230.jpg,wither
papyrus-231.jpg,joke
papyrus-232.jpg,telluride
papyrus-233.jpg,residenter
papyrus-234.jpg,gali
papyrus-235.jpg,deknight
papyrus-236.jpg,pulvino
papyrus-237.jpg,banisher
papyrus-238.jpg,delivery
papyrus-239.jpg,tenantism
papyrus-240.jpg,aerophobic
papyrus-241.jpg,algebraic
papyrus-242.jpg,geckotoid
papyrus-243.jpg,dextrality
papyrus-244.jpg,globulite
papyrus-245.jpg,Wend
papyrus-246.jpg,kerosene
papyrus-247.jpg,cereless
papyrus-248.jpg,scarman
papyrus-249.jpg,profanize
papyrus-250.jpg,lean
papyrus-251.jpg,dacite
papyrus-252.jpg,outporter
papyrus-253.jpg,underpier
papyrus-254.jpg,piazzian
papyrus-255.jpg,solmizate
papyrus-256.jpg,parkway
papyrus-257.jpg,zoons
papyrus-258.jpg,scuff
papyrus-259.jpg,zacate
papyrus-260.jpg,trierarch
papyrus-261.jpg,irenically
papyrus-262.jpg,connivancy
papyrus-263.jpg,onofrite
papyrus-264.jpg,frigoric
papyrus-265.jpg,thoroughly
papyrus-266.jpg,creese
papyrus-267.jpg,recomplete
papyrus-268.jpg,paned
papyrus-269.jpg,tannaitic
papyrus-270.jpg,Gaulic
papyrus-271.jpg,ambital
papyrus-272.jpg,taskwork
papyrus-273.jpg,leguan
papyrus-274.jpg,tennantite
papyrus-275.jpg,lypemania
papyrus-276.jpg,rabific
papyrus-277.jpg,unfeasted
papyrus-278.jpg,cholestane
papyrus-279.jpg,ferrum
papyrus-280.jpg,damager
papyrus-281.jpg,Spring
papyrus-282.jpg,cryophoric
papyrus-283.jpg,tarsia
papyrus-284.jpg,convector
papyrus-285.jpg,nooning
papyrus-286.jpg,virginally
papyrus-287.jpg,stella
papyrus-288.jpg,cacodoxian
papyrus-289.jpg,ravensara
papyrus-290.jpg,workwoman
papyrus-291.jpg,uranism
papyrus-292.jpg,trun
papyrus-293.jpg,choose
papyrus-294.jpg,nantokite
papyrus-295.jpg,meconic
papyrus-296.jpg,tarhood
papyrus-297.jpg,piperidine
papyrus-298.jpg,waybook
papyrus-299.jpg,simonious
papyrus-300.jpg,linsey
papyrus-301.jpg,polymastia
papyrus-302.jpg,ruinable
papyrus-303.jpg,archon
papyrus-304.jpg,strown
papyrus-305.jpg,expeditely
papyrus-306.jpg,outlighten
papyrus-307.jpg,subaltern
papyrus-308.jpg,gammon
papyrus-309.jpg,alveoli
papyrus-310.jpg,beride
papyrus-311.jpg,threepenny
papyrus-312.jpg,downy
papyrus-313.jpg,Monilia
papyrus-314.jpg,nutricial
papyrus-315.jpg,humanhood
papyrus-316.jpg,Celticize
papyrus-317.jpg,teapoy
papyrus-318.jpg,Euselachii
papyrus-319.jpg,tapacolo
papyrus-320.jpg,bioplastic
papyrus-321.jpg,gossiper
papyrus-322.jpg,repayment
papyrus-323.jpg,unpounced
papyrus-324.jpg,nomarchy
papyrus-325.jpg,fluxroot
papyrus-326.jpg,improvisor
papyrus-327.jpg,trunnion
papyrus-328.jpg,nul
papyrus-329.jpg,tittering
papyrus-330.jpg,invirility
papyrus-331.jpg,unmilitary
papyrus-332.jpg,unpunched
papyrus-333.jpg,babroot
papyrus-334.jpg,clarty
papyrus-335.jpg,die
papyrus-336.jpg,antistate
papyrus-337.jpg,biporous
papyrus-338.jpg,nervature
papyrus-339.jpg,Berber
papyrus-340.jpg,iambist
papyrus-341.jpg,palankeen
papyrus-342.jpg,devorative
papyrus-343.jpg,unburning
papyrus-344.jpg,patronage
papyrus-345.jpg,unregular
papyrus-346.jpg,cadalene
papyrus-347.jpg,Walpolean
papyrus-348.jpg,ecstatic
papyrus-349.jpg,disilicic
papyrus-350.jpg,neshness
papyrus-351.jpg,verrucosis
papyrus-352.jpg,mystery
papyrus-353.jpg,quoin
papyrus-354.jpg,undergarb
papyrus-355.jpg,tabanid
papyrus-356.jpg,flugelman
papyrus-357.jpg,diablerie
papyrus-358.jpg,meatman
papyrus-359.jpg,rubbed
papyrus-360.jpg,forcefully
papyrus-361.jpg,umbeclad
papyrus-362.jpg,wyn
papyrus-363.jpg,outtire
papyrus-364.jpg,Distichlis
papyrus-365.jpg,scotogram
papyrus-366.jpg,movably
papyrus-367.jpg,risen
papyrus-368.jpg,Shel
papyrus-369.jpg,kafir
papyrus-370.jpg,toughish
papyrus-371.jpg,Heraclidan
papyrus-372.jpg,unpadded
papyrus-373.jpg,evocator
papyrus-374.jpg,passen
papyrus-375.jpg,Saponaria
papyrus-376.jpg,martin
papyrus-377.jpg,overstate
papyrus-378.jpg,Ukrainer
papyrus-379.jpg,reeming
papyrus-380.jpg,Cophetua
papyrus-381.jpg,broma
papyrus-382.jpg,rokee
papyrus-383.jpg,Haitian
papyrus-384.jpg,scrimpy
papyrus-385.jpg,pothook
papyrus-386.jpg,xanthamic
papyrus-387.jpg,pregnable
papyrus-388.jpg,pinax
papyrus-389.jpg,gestic
papyrus-390.jpg,avid
papyrus-391.jpg,ungrooved
papyrus-392.jpg,chevrone
papyrus-393.jpg,hayloft
papyrus-394.jpg,sliddery
papyrus-395.jpg,zante
papyrus-396.jpg,splatterer
papyrus-397.jpg,waning
papyrus-398.jpg,troubling
papyrus-399.jpg,Hypnum
papyrus-400.jpg,unripe
papyrus-401.jpg,podarthral
papyrus-402.jpg,gargoylism
papyrus-403.jpg,moorsman
papyrus-404.jpg,holoplexia
papyrus-405.jpg,underwrite
papyrus-406.jpg,lacquering
papyrus-407.jpg,spelling
papyrus-408.jpg,speculum
papyrus-409.jpg,pureblood
papyrus-410.jpg,usefulness
papyrus-411.jpg,swiney
papyrus-412.jpg,coelestine
papyrus-413.jpg,adopt
papyrus-414.jpg,plicative
papyrus-415.jpg,Greta
papyrus-416.jpg,obsoletism
papyrus-417.jpg,aracari
papyrus-418.jpg,Mappila
papyrus-419.jpg,satanic
papyrus-420.jpg,pholido
papyrus-421.jpg,taise
papyrus-422.jpg,aitesis
papyrus-423.jpg,gregaritic
papyrus-424.jpg,isothermal
papyrus-425.jpg,pleonastic
papyrus-426.jpg,day
papyrus-427.jpg,untackle
papyrus-428.jpg,edaciously
papyrus-429.jpg,lightship
papyrus-430.jpg,outleap
papyrus-431.jpg,souwester
papyrus-432.jpg,obovate
papyrus-433.jpg,geology
papyrus-434.jpg,shakeout
papyrus-435.jpg,bankfull
papyrus-436.jpg,offendedly
papyrus-437.jpg,goumi
papyrus-438.jpg,precommit
papyrus-439.jpg,homely
papyrus-440.jpg,anhedral
papyrus-441.jpg,whortle
papyrus-442.jpg,transit
papyrus-443.jpg,krimmer
papyrus-444.jpg,numbfish
papyrus-445.jpg,spatha
papyrus-446.jpg,augurous
papyrus-447.jpg,gastric
papyrus-448.jpg,systole
papyrus-449.jpg,kidsman
papyrus-450.jpg,pushingly
papyrus-451.jpg,hallabaloo
papyrus-452.jpg,dedicator
papyrus-453.jpg,skiver
papyrus-454.jpg,nonsexual
papyrus-455.jpg,histogram
papyrus-456.jpg,stipulate
papyrus-457.jpg,procellous
papyrus-458.jpg,mentorship
papyrus-459.jpg,litigator
papyrus-460.jpg,beflour
papyrus-461.jpg,tali
papyrus-462.jpg,epilabrum
papyrus-463.jpg,invariant
papyrus-464.jpg,Lycopsida
papyrus-465.jpg,precardiac
papyrus-466.jpg,ozophene
papyrus-467.jpg,veracious
papyrus-468.jpg,redeliver
papyrus-469.jpg,busked
papyrus-470.jpg,grivet
papyrus-471.jpg,Cecrops
papyrus-472.jpg,kecksy
papyrus-473.jpg,mephitis
papyrus-474.jpg,uncharming
papyrus-475.jpg,mater
papyrus-476.jpg,valve
papyrus-477.jpg,causey
papyrus-478.jpg,spilt
papyrus-479.jpg,codshead
papyrus-480.jpg,novitiate
papyrus-481.jpg,sequel
papyrus-482.jpg,burthenman
papyrus-483.jpg,peppery
papyrus-484.jpg,Roxana
papyrus-485.jpg,endodermis
papyrus-486.jpg,flaxseed
papyrus-487.jpg,mobable
papyrus-488.jpg,viduity
papyrus-489.jpg,brittling
papyrus-490.jpg,boatful
papyrus-491.jpg,workingly
papyrus-492.jpg,tristich
papyrus-493.jpg,Cantab
papyrus-494.jpg,Tukulor
papyrus-495.jpg,bedrivel
papyrus-496.jpg,Baya
papyrus-497.jpg,tweaker
papyrus-498.jpg,cosuitor
papyrus-499.jpg,playward
papyrus-500.jpg,bifoil
papyrus-501.jpg,fableist
papyrus-502.jpg,Mellifera
papyrus-503.jpg,asocial
papyrus-504.jpg,wryness
papyrus-505.jpg,rufflement
papyrus-506.jpg,underturn
papyrus-507.jpg,extraovate
papyrus-508.jpg,otiosity
papyrus-509.jpg,psephitic
papyrus-510.jpg,dipperful
papyrus-511.jpg,cormophyte
papyrus-512.jpg,semiflexed
papyrus-513.jpg,timbale
papyrus-514.jpg,glossitic
papyrus-515.jpg,Gerald
papyrus-516.jpg,Slovenian
papyrus-517.jpg,daemony
papyrus-518.jpg,superbias
papyrus-519.jpg,forward
papyrus-520.jpg,thallose
papyrus-521.jpg,chlamyd
papyrus-522.jpg,panomphean
papyrus-523.jpg,franc
papyrus-524.jpg,stringways
papyrus-525.jpg,mandrake
papyrus-526.jpg,ectoretina
papyrus-527.jpg,lardacein
papyrus-528.jpg,modeler
papyrus-529.jpg,exosmosis
papyrus-530.jpg,dysaphia
papyrus-531.jpg,arbalest
papyrus-532.jpg,mammular
papyrus-533.jpg,undeported
papyrus-534.jpg,scolices
papyrus-535.jpg,myrialiter
papyrus-536.jpg,vermouth
papyrus-537.jpg,abrasax
papyrus-538.jpg,Vehmic
papyrus-539.jpg,amylum
papyrus-540.jpg,whelphood
papyrus-541.jpg,corycavine
papyrus-542.jpg,Sambo
papyrus-543.jpg,chullpa
papyrus-544.jpg,taiglesome
papyrus-545.jpg,glace
papyrus-546.jpg,semihorny
papyrus-547.jpg,gambogian
papyrus-548.jpg,impunely
papyrus-549.jpg,disrepute
papyrus-550.jpg,deadlight
papyrus-551.jpg,bellows
papyrus-552.jpg,perverse
papyrus-553.jpg,Lugnas
papyrus-554.jpg,bohea
papyrus-555.jpg,atmos
papyrus-556.jpg,Andean
papyrus-557.jpg,coradical
papyrus-558.jpg,humulene
papyrus-559.jpg,unacting
papyrus-560.jpg,Eriophorum
papyrus-561.jpg,curriculum
papyrus-562.jpg,piperidge
papyrus-563.jpg,eudaemonia
papyrus-564.jpg,buttwood
papyrus-565.jpg,cerumen
papyrus-566.jpg,embrown
papyrus-567.jpg,coastman
papyrus-568.jpg,triluminar
papyrus-569.jpg,archurger
papyrus-570.jpg,iracundity
papyrus-571.jpg,manienie
papyrus-572.jpg,cerillo
papyrus-573.jpg,Sarmatian
papyrus-574.jpg,joyfulness
papyrus-575.jpg,unleagued
papyrus-576.jpg,bescatter
papyrus-577.jpg,comatosity
papyrus-578.jpg,Zyryan
papyrus-579.jpg,telium
papyrus-580.jpg,coexertion
papyrus-581.jpg,unlicensed
papyrus-582.jpg,perfluent
papyrus-583.jpg,virgineous
papyrus-584.jpg,facultate
papyrus-585.jpg,proschool
papyrus-586.jpg,Inkra
papyrus-587.jpg,peplosed
papyrus-588.jpg,Ovidae
papyrus-589.jpg,anotia
papyrus-590.jpg,surpriser
papyrus-591.jpg,repurpose
papyrus-592.jpg,donatively
papyrus-593.jpg,Oenocarpus
papyrus-594.jpg,confessant
papyrus-595.jpg,prefixally
papyrus-596.jpg,lazyhood
papyrus-597.jpg,phallitis
papyrus-598.jpg,sufficient
papyrus-599.jpg,smut
papyrus-600.jpg,aphorizer
papyrus-601.jpg,plumiform
papyrus-602.jpg,neopagan
papyrus-603.jpg,Kuri
papyrus-604.jpg,genitive
papyrus-605.jpg,adequately
papyrus-606.jpg,Kim
papyrus-607.jpg,Ananta
papyrus-608.jpg,Gladstone
papyrus-609.jpg,didepsid
papyrus-610.jpg,ark
papyrus-611.jpg,exogamy
papyrus-612.jpg,tardigrade
papyrus-613.jpg,chirpily
papyrus-614.jpg,Potorous
papyrus-615.jpg,overlow
papyrus-616.jpg,velometer
papyrus-617.jpg,rococo
papyrus-618.jpg,somacule
papyrus-619.jpg,renovator
papyrus-620.jpg,Dagbane
papyrus-621.jpg,gelsemic
papyrus-622.jpg,Gemara
papyrus-623.jpg,factorable
papyrus-624.jpg,addresser
papyrus-625.jpg,notional
papyrus-626.jpg,footbridge
papyrus-627.jpg,heritor
papyrus-628.jpg,errability
papyrus-629.jpg,verdoy
papyrus-630.jpg,beading
papyrus-631.jpg,dullard
papyrus-632.jpg,Shechem
papyrus-633.jpg,griggles
papyrus-634.jpg,Hasinai
papyrus-635.jpg,towerless
papyrus-636.jpg,smokeless
papyrus-637.jpg,Rugger
papyrus-638.jpg,upperch
papyrus-639.jpg,Toryess
papyrus-640.jpg,floriscope
papyrus-641.jpg,brutality
papyrus-642.jpg,influent
papyrus-643.jpg,solace
papyrus-644.jpg,miscellany
papyrus-645.jpg,Pleuronema
papyrus-646.jpg,mankind
papyrus-647.jpg,unample
papyrus-648.jpg,tumular
papyrus-649.jpg,unballast
papyrus-650.jpg,waterwork
papyrus-651.jpg,shaped
papyrus-652.jpg,reniform
papyrus-653.jpg,protest
papyrus-654.jpg,blizz
papyrus-655.jpg,guaza
papyrus-656.jpg,bonitary
papyrus-657.jpg,parify
papyrus-658.jpg,hiddenly
papyrus-659.jpg,mishandle
papyrus-660.jpg,Phajus
papyrus-661.jpg,twisting
papyrus-662.jpg,cigarette
papyrus-663.jpg,farina
papyrus-664.jpg,footing
papyrus-665.jpg,Yankeedom
papyrus-666.jpg,untent
papyrus-667.jpg,nobilitate
papyrus-668.jpg,Pachyma
papyrus-669.jpg,pinchem
papyrus-670.jpg,larcenic
papyrus-671.jpg,Jatni
papyrus-672.jpg,undercarve
papyrus-673.jpg,Deneb
papyrus-674.jpg,microbar
papyrus-675.jpg,grapelike
papyrus-676.jpg,waterily
papyrus-677.jpg,Lemmus
papyrus-678.jpg,gastralgy
papyrus-679.jpg,pigface
papyrus-680.jpg,nonsubsidy
papyrus-681.jpg,detrusion
papyrus-682.jpg,guib
papyrus-683.jpg,optionor
papyrus-684.jpg,pondage
papyrus-685.jpg,foam
papyrus-686.jpg,craticular
papyrus-687.jpg,pumper
papyrus-688.jpg,blondine
papyrus-689.jpg,impeding
papyrus-690.jpg,Archer
papyrus-691.jpg,tailed
papyrus-692.jpg,negotiate
papyrus-693.jpg,geira
papyrus-694.jpg,artist
papyrus-695.jpg,greenwood
papyrus-696.jpg,akamatsu
papyrus-697.jpg,heelmaker
papyrus-698.jpg,template
papyrus-699.jpg,craniate
papyrus-700.jpg,trilby
papyrus-701.jpg,unbasket
papyrus-702.jpg,holeable
papyrus-703.jpg,Tunicata
papyrus-704.jpg,tinegrass
papyrus-705.jpg,frisky
papyrus-706.jpg,feudal
papyrus-707.jpg,amylenol
papyrus-708.jpg,neon
papyrus-709.jpg,Nicotiana
papyrus-710.jpg,egrimony
papyrus-711.jpg,jocundness
papyrus-712.jpg,talpetate
papyrus-713.jpg,probation
papyrus-714.jpg,gentlehood
papyrus-715.jpg,impiteous
papyrus-716.jpg,mildew
papyrus-717.jpg,numberless
papyrus-718.jpg,handgrip
papyrus-719.jpg,mayoral
papyrus-720.jpg,lamiter
papyrus-721.jpg,trapaceous
papyrus-722.jpg,tinted
papyrus-723.jpg,Wormian
papyrus-724.jpg,axoneure
papyrus-725.jpg,inerasably
papyrus-726.jpg,gunwale
papyrus-727.jpg,menticide
papyrus-728.jpg,jokelet
papyrus-729.jpg,subpleural
papyrus-730.jpg,afterdate
papyrus-731.jpg,uddered
papyrus-732.jpg,polonium
papyrus-733.jpg,upspear
papyrus-734.jpg,Rufus
papyrus-735.jpg,vraicking
papyrus-736.jpg,virgation
papyrus-737.jpg,chebel
papyrus-738.jpg,displenish
papyrus-739.jpg,luminal
papyrus-740.jpg,renitent
papyrus-741.jpg,crochet
papyrus-742.jpg,craterous
papyrus-743.jpg,althein
papyrus-744.jpg,runback
papyrus-745.jpg,parageusic
papyrus-746.jpg,longshore
papyrus-747.jpg,kelyphite
papyrus-748.jpg,cleg
papyrus-749.jpg,mudir
papyrus-750.jpg,gently
papyrus-751.jpg,quatuor
papyrus-752.jpg,Lagthing
papyrus-753.jpg,mangonel
papyrus-754.jpg,autotruck
papyrus-755.jpg,isonomous
papyrus-756.jpg,rheum
papyrus-757.jpg,Hispanize
papyrus-758.jpg,itemize
papyrus-759.jpg,Bashilange
papyrus-760.jpg,presupply
papyrus-761.jpg,miswish
papyrus-762.jpg,otacoustic
papyrus-763.jpg,violuric
papyrus-764.jpg,airfreight
papyrus-765.jpg,homelily
papyrus-766.jpg,whistler
papyrus-767.jpg,blitzkrieg
papyrus-768.jpg,oograph
papyrus-769.jpg,subalate
papyrus-770.jpg,matchmaker
papyrus-771.jpg,cowhide
papyrus-772.jpg,aphidozer
papyrus-773.jpg,asmack
papyrus-774.jpg,anhydremic
papyrus-775.jpg,unsaddle
papyrus-776.jpg,sherifate
papyrus-777.jpg,flukeworm
papyrus-778.jpg,orguinette
papyrus-779.jpg,Balanidae
papyrus-780.jpg,suprafine
papyrus-781.jpg,potato
papyrus-782.jpg,Welf
papyrus-783.jpg,typhia
papyrus-784.jpg,recommit
papyrus-785.jpg,enostosis
papyrus-786.jpg,deflowerer
papyrus-787.jpg,Miconia
papyrus-788.jpg,Chipewyan
papyrus-789.jpg,inhabitant
papyrus-790.jpg,begun
papyrus-791.jpg,Motazilite
papyrus-792.jpg,maunder
papyrus-793.jpg,fascicle
papyrus-794.jpg,evident
papyrus-795.jpg,midday
papyrus-796.jpg,rhonchal
papyrus-797.jpg,milfoil
papyrus-798.jpg,vulpine
papyrus-799.jpg,mediating
papyrus-800.jpg,eupolyzoan
papyrus-801.jpg,Wertherism
papyrus-802.jpg,unelected
papyrus-803.jpg,oddments
papyrus-804.jpg,ultracivil
papyrus-805.jpg,ascend
papyrus-806.jpg,mesorrhiny
papyrus-807.jpg,foresheet
papyrus-808.jpg,interlace
papyrus-809.jpg,observancy
papyrus-810.jpg,vinologist
papyrus-811.jpg,tideward
papyrus-812.jpg,Aeolist
papyrus-813.jpg,airport
papyrus-814.jpg,unfavoring
papyrus-815.jpg,aquatint
papyrus-816.jpg,showy
papyrus-817.jpg,Melinda
papyrus-818.jpg,nextly
papyrus-819.jpg,deoxidator
papyrus-820.jpg,nitroform
papyrus-821.jpg,idalia
papyrus-822.jpg,doit
papyrus-823.jpg,Gussie
papyrus-824.jpg,splodge
papyrus-825.jpg,flightless
papyrus-826.jpg,Aka
papyrus-827.jpg,bridecup
papyrus-828.jpg,poggy
papyrus-829.jpg,potassium
papyrus-830.jpg,assemble
papyrus-831.jpg,unendowing
papyrus-832.jpg,glossitis
papyrus-833.jpg,carven
papyrus-834.jpg,poppyhead
papyrus-835.jpg,pyrosis
papyrus-836.jpg,hilum
papyrus-837.jpg,canarin
papyrus-838.jpg,bacchic
papyrus-839.jpg,Walpurgis
papyrus-840.jpg,Ulidia
papyrus-841.jpg,exposed
papyrus-842.jpg,corneal
papyrus-843.jpg,atypic
papyrus-844.jpg,schepen
papyrus-845.jpg,handprint
papyrus-846.jpg,obdurately
papyrus-847.jpg,orthotonic
papyrus-848.jpg,crowd
papyrus-849.jpg,manness
papyrus-850.jpg,nucleon
papyrus-851.jpg,cystiform
papyrus-852.jpg,hysterogen
papyrus-853.jpg,cherub
papyrus-854.jpg,wittiness
papyrus-855.jpg,zincograph
papyrus-856.jpg,abacate
papyrus-857.jpg,gabbro
papyrus-858.jpg,dappled
papyrus-859.jpg,Sphyrnidae
papyrus-860.jpg,bahuvrihi
papyrus-861.jpg,extemporal
papyrus-862.jpg,gangway
papyrus-863.jpg,collinsite
papyrus-864.jpg,stumble
papyrus-865.jpg,crippling
papyrus-866.jpg,windtight
papyrus-867.jpg,odum
papyrus-868.jpg,rumbowline
papyrus-869.jpg,incrossing
papyrus-870.jpg,guilder
papyrus-871.jpg,tentful
papyrus-872.jpg,impurely
papyrus-873.jpg,vintage
papyrus-874.jpg,fluctuable
papyrus-875.jpg,uturuncu
papyrus-876.jpg,physalite
papyrus-877.jpg,unfailable
papyrus-878.jpg,glossily
papyrus-879.jpg,cystis
papyrus-880.jpg,bumpkinish
papyrus-881.jpg,gametange
papyrus-882.jpg,ventose
papyrus-883.jpg,Sita
papyrus-884.jpg,ringgiver
papyrus-885.jpg,parisonic
papyrus-886.jpg,liquorless
papyrus-887.jpg,Vip
papyrus-888.jpg,sickleweed
papyrus-889.jpg,beginner
papyrus-890.jpg,talaria
papyrus-891.jpg,belled
papyrus-892.jpg,capryl
papyrus-893.jpg,downturn
papyrus-894.jpg,tomtit
papyrus-895.jpg,filo
papyrus-896.jpg,bhaiachari
papyrus-897.jpg,rink
papyrus-898.jpg,Adventist
papyrus-899.jpg,lip
papyrus-900.jpg,streak
papyrus-901.jpg,rummagy
papyrus-902.jpg,maledicent
papyrus-903.jpg,protome
papyrus-904.jpg,unripely
papyrus-905.jpg,reteach
papyrus-906.jpg,shameless
papyrus-907.jpg,paradeful
papyrus-908.jpg,lancepod
papyrus-909.jpg,melasma
papyrus-910.jpg,shirewick
papyrus-911.jpg,hackleback
papyrus-912.jpg,Biota
papyrus-913.jpg,Fokker
papyrus-914.jpg,cadge
papyrus-915.jpg,chanceless
papyrus-916.jpg,Anthurium
papyrus-917.jpg,buccaneer
papyrus-918.jpg,punchboard
papyrus-919.jpg,abusable
papyrus-920.jpg,drengage
papyrus-921.jpg,heroinize
papyrus-922.jpg,radicular
papyrus-923.jpg,umbonation
papyrus-924.jpg,psittacine
papyrus-925.jpg,dolent
papyrus-926.jpg,cuminal
papyrus-927.jpg,girdlelike
papyrus-928.jpg,cockarouse
papyrus-929.jpg,foxhole
papyrus-930.jpg,heatronic
papyrus-931.jpg,wasteness
papyrus-932.jpg,brakeman
papyrus-933.jpg,chouse
papyrus-934.jpg,rectum
papyrus-935.jpg,cloister
papyrus-936.jpg,newly
papyrus-937.jpg,holcodont
papyrus-938.jpg,ignatia
papyrus-939.jpg,Rhytidodon
papyrus-940.jpg,aranga
papyrus-941.jpg,persilicic
papyrus-942.jpg,cabble
papyrus-943.jpg,dull
papyrus-944.jpg,Micropodi
papyrus-945.jpg,gluttoness
papyrus-946.jpg,Seminole
papyrus-947.jpg,hypostasy
papyrus-948.jpg,gnomology
papyrus-949.jpg,mallet
papyrus-950.jpg,parto
papyrus-951.jpg,subsale
papyrus-952.jpg,bullhide
papyrus-953.jpg,philliloo
papyrus-954.jpg,sharkful
papyrus-955.jpg,pipkinet
papyrus-956.jpg,expansible
papyrus-957.jpg,nonfouling
papyrus-958.jpg,scolite
papyrus-959.jpg,signorship
papyrus-960.jpg,caulosarc
papyrus-961.jpg,cutization
papyrus-962.jpg,Meg
papyrus-963.jpg,mousebird
papyrus-964.jpg,seedful
papyrus-965.jpg,unchipped
papyrus-966.jpg,sensuosity
papyrus-967.jpg,zoogenesis
papyrus-968.jpg,yoncopin
papyrus-969.jpg,quillet
papyrus-970.jpg,orogenic
papyrus-971.jpg,sycock
papyrus-972.jpg,bigamic
papyrus-973.jpg,hydriatry
papyrus-974.jpg,trail
papyrus-975.jpg,ectogenous
papyrus-976.jpg,elbowchair
papyrus-977.jpg,drinkless
papyrus-978.jpg,unclinical
papyrus-979.jpg,orderable
papyrus-980.jpg,subtertian
papyrus-981.jpg,Penitentes
papyrus-982.jpg,underrent
papyrus-983.jpg,Ballplatz
papyrus-984.jpg,mesochroic
papyrus-985.jpg,ascolichen
papyrus-986.jpg,outparish
papyrus-987.jpg,ghat
papyrus-988.jpg,Gallomania
papyrus-989.jpg,Christofer
papyrus-990.jpg,minter
papyrus-991.jpg,endore
papyrus-992.jpg,Castilla
papyrus-993.jpg,homotaxic
papyrus-994.jpg,meriter
papyrus-995.jpg,undersoul
papyrus-996.jpg,schlemiel
papyrus-997.jpg,inspire
papyrus-998.jpg,irideous
papyrus-999.jpg,hookum
papyrus-1000.jpg,Werther
papyrus-1001.jpg,Montana
papyrus-1002.jpg,cattiness
papyrus-1003.jpg,quibbler
papyrus-1004.jpg,polite
papyrus-1005.jpg,gypsyweed
papyrus-1006.jpg,blanketeer
papyrus-1007.jpg,falconbill
papyrus-1008.jpg,snapshot
papyrus-1009.jpg,campimetry
papyrus-1010.jpg,unillusory
papyrus-1011.jpg,collock
papyrus-1012.jpg,bepaid
papyrus-1013.jpg,sicca
papyrus-1014.jpg,intonate
papyrus-1015.jpg,deathworm
papyrus-1016.jpg,hardfisted
papyrus-1017.jpg,Diceras
papyrus-1018.jpg,worldling
papyrus-1019.jpg,Asuri
papyrus-1020.jpg,slobbery
papyrus-1021.jpg,face
papyrus-1022.jpg,groomling
papyrus-1023.jpg,berry
papyrus-1024.jpg,tapu
papyrus-1025.jpg,psychon
papyrus-1026.jpg,abrotanum
papyrus-1027.jpg,squinancy
papyrus-1028.jpg,ortiga
papyrus-1029.jpg,moistful
papyrus-1030.jpg,consultor
papyrus-1031.jpg,septicity
papyrus-1032.jpg,nickelage
papyrus-1033.jpg,bedot
papyrus-1034.jpg,doatish
papyrus-1035.jpg,zircon
papyrus-1036.jpg,beemaster
papyrus-1037.jpg,anatomize
papyrus-1038.jpg,slaky
papyrus-1039.jpg,Dadupanthi
papyrus-1040.jpg,Hollywood
papyrus-1041.jpg,replan
papyrus-1042.jpg,Bupleurum
papyrus-1043.jpg,unrecusant
papyrus-1044.jpg,dissection
papyrus-1045.jpg,ponier
papyrus-1046.jpg,cradleman
papyrus-1047.jpg,brannerite
papyrus-1048.jpg,teiglech
papyrus-1049.jpg,divellent
papyrus-1050.jpg,muckerism
papyrus-1051.jpg,octuplex
papyrus-1052.jpg,Ricardian
papyrus-1053.jpg,Agyieus
papyrus-1054.jpg,nights
papyrus-1055.jpg,indoxyl
papyrus-1056.jpg,moringuid
papyrus-1057.jpg,overslight
papyrus-1058.jpg,lithotype
papyrus-1059.jpg,Borderside
papyrus-1060.jpg,arba
papyrus-1061.jpg,unattired
papyrus-1062.jpg,harry
papyrus-1063.jpg,isonymy
papyrus-1064.jpg,pedipulate
papyrus-1065.jpg,sclerotica
papyrus-1066.jpg,featherbed
papyrus-1067.jpg,Elzevirian
papyrus-1068.jpg,affectedly
papyrus-1069.jpg,napery
papyrus-1070.jpg,zein
papyrus-1071.jpg,disembroil
papyrus-1072.jpg,pistillary
papyrus-1073.jpg,covertical
papyrus-1074.jpg,foreglance
papyrus-1075.jpg,harebrain
papyrus-1076.jpg,homilete
papyrus-1077.jpg,stealth
papyrus-1078.jpg,holophane
papyrus-1079.jpg,realter
papyrus-1080.jpg,haircloth
papyrus-1081.jpg,Mithraic
papyrus-1082.jpg,noncertain
papyrus-1083.jpg,sextuplet
papyrus-1084.jpg,retroject
papyrus-1085.jpg,muckraker
papyrus-1086.jpg,thief
papyrus-1087.jpg,Xylocopa
papyrus-1088.jpg,stoled
papyrus-1089.jpg,naticine
papyrus-1090.jpg,circling
papyrus-1091.jpg,swillbowl
papyrus-1092.jpg,piratess
papyrus-1093.jpg,ninetyknot
papyrus-1094.jpg,unmovable
papyrus-1095.jpg,Childermas
papyrus-1096.jpg,Chauna
papyrus-1097.jpg,Alexander
papyrus-1098.jpg,gulpingly
papyrus-1099.jpg,skere
