times-001.jpg,portrayal
times-002.jpg,girl
times-003.jpg,figlike
times-004.jpg,bantingize
times-005.jpg,trenchwork
times-006.jpg,sphenion
times-007.jpg,Asian
times-008.jpg,inferent
times-009.jpg,clothmaker
times-010.jpg,tulip
times-011.jpg,myxopodous
times-012.jpg,foresail
times-013.jpg,euxanthate
times-014.jpg,chaffman
times-015.jpg,Linguata
times-016.jpg,blackwork
times-017.jpg,remissory
times-018.jpg,Balanops
times-019.jpg,interregal
times-020.jpg,ouphish
times-021.jpg,enterate
times-022.jpg,locofoco
times-023.jpg,morindone
times-024.jpg,notaeal
times-025.jpg,scalenous
times-026.jpg,simulant
times-027.jpg,Mitch
times-028.jpg,craterlet
times-029.jpg,teaberry
times-030.jpg,rider
times-031.jpg,spleen
times-032.jpg,tappa
times-033.jpg,prisonable
times-034.jpg,rurality
times-035.jpg,enlargedly
times-036.jpg,beraunite
times-037.jpg,educt
times-038.jpg,canalage
times-039.jpg,penannular
times-040.jpg,fatless
times-041.jpg,isogonism
times-042.jpg,shant
times-043.jpg,fishbed
times-044.jpg,nontreated
times-045.jpg,Amiidae
times-046.jpg,livor
times-047.jpg,lecyth
times-048.jpg,indices
times-049.jpg,thooid
times-050.jpg,epilepsy
times-051.jpg,muffish
times-052.jpg,multitude
times-053.jpg,facilely
times-054.jpg,psalmodic
times-055.jpg,odorous
times-056.jpg,hypoblast
times-057.jpg,thecal
times-058.jpg,shameable
times-059.jpg,effulgent
times-060.jpg,horrescent
times-061.jpg,headline
times-062.jpg,outskip
times-063.jpg,quixotism
times-064.jpg,snakeworm
times-065.jpg,maledicent
times-066.jpg,epinette
times-067.jpg,suspecter
times-068.jpg,warnel
times-069.jpg,parcellize
times-070.jpg,unasterisk
times-071.jpg,relevy
times-072.jpg,locusting
times-073.jpg,Bobadil
times-074.jpg,divulgater
times-075.jpg,beehead
times-076.jpg,radiology
times-077.jpg,predilect
times-078.jpg,orientally
times-079.jpg,uplane
times-080.jpg,panmixy
times-081.jpg,Helicina
times-082.jpg,barky
times-083.jpg,prodromous
times-084.jpg,peaker
times-085.jpg,picara
times-086.jpg,panophobia
times-087.jpg,truthsman
times-088.jpg,abstract
times-089.jpg,subrace
times-090.jpg,remittency
times-091.jpg,Luminal
times-092.jpg,moulin
times-093.jpg,pucelage
times-094.jpg,isonomy
times-095.jpg,Pavetta
times-096.jpg,imbondo
times-097.jpg,gated
times-098.jpg,Sparassis
times-099.jpg,erubescent
times-100.jpg,elevated
times-101.jpg,unwarn
times-102.jpg,rubeola
times-103.jpg,crest
times-104.jpg,triodion
times-105.jpg,bouffancy
times-106.jpg,shotbush
times-107.jpg,whoop
times-108.jpg,unwinter
times-109.jpg,tamponage
times-110.jpg,overvote
times-111.jpg,sparling
times-112.jpg,astare
times-113.jpg,progospel
times-114.jpg,mendee
times-115.jpg,Sybaritish
times-116.jpg,elocular
times-117.jpg,Allosaurus
times-118.jpg,cevine
times-119.jpg,Lucina
times-120.jpg,nonfacial
times-121.jpg,unexiled
times-122.jpg,streetage
times-123.jpg,Wagweno
times-124.jpg,talon
times-125.jpg,vainful
times-126.jpg,symposiast
times-127.jpg,subcouncil
times-128.jpg,sneezewood
times-129.jpg,semiminor
times-130.jpg,acrolein
times-131.jpg,rimple
times-132.jpg,camerate
times-133.jpg,embryoid
times-134.jpg,Nebaliidae
times-135.jpg,endite
times-136.jpg,unhurled
times-137.jpg,Justin
times-138.jpg,nonlicet
times-139.jpg,yowley
times-140.jpg,trypetid
times-141.jpg,scripture
times-142.jpg,Nikko
times-143.jpg,diapente
times-144.jpg,canthus
times-145.jpg,alroot
times-146.jpg,nankeen
times-147.jpg,gumminess
times-148.jpg,Normannic
times-149.jpg,unadored
times-150.jpg,latecoming
times-151.jpg,sophiology
times-152.jpg,appleroot
times-153.jpg,linolein
times-154.jpg,nitriary
times-155.jpg,barolo
times-156.jpg,protestant
times-157.jpg,axostyle
times-158.jpg,unrevenged
times-159.jpg,desilicify
times-160.jpg,acolyte
times-161.jpg,tachyseism
times-162.jpg,Damoclean
times-163.jpg,wis
times-164.jpg,isleted
times-165.jpg,bemole
times-166.jpg,hippurid
times-167.jpg,divorcible
times-168.jpg,woak
times-169.jpg,ectomorphy
times-170.jpg,venomed
times-171.jpg,Punic
times-172.jpg,Sabbatary
times-173.jpg,autobahn
times-174.jpg,planker
times-175.jpg,adlumidine
times-176.jpg,pericaecal
times-177.jpg,Geissoloma
times-178.jpg,salsilla
times-179.jpg,epistasis
times-180.jpg,sheathery
times-181.jpg,forslow
times-182.jpg,pentit
times-183.jpg,buttony
times-184.jpg,resnatch
times-185.jpg,referently
times-186.jpg,mycotic
times-187.jpg,mistletoe
times-188.jpg,gangster
times-189.jpg,discolored
times-190.jpg,otoplasty
times-191.jpg,myopathia
times-192.jpg,Saururus
times-193.jpg,carrow
times-194.jpg,chromomere
times-195.jpg,dovekie
times-196.jpg,forte
times-197.jpg,stature
times-198.jpg,scoptical
times-199.jpg,scowbank
times-200.jpg,idoloclast
times-201.jpg,kissage
times-202.jpg,plausibly
times-203.jpg,sobersault
times-204.jpg,fluttering
times-205.jpg,whap
times-206.jpg,fenceful
times-207.jpg,ditokous
times-208.jpg,Asaphic
times-209.jpg,boundedly
times-210.jpg,enmarble
times-211.jpg,infallible
times-212.jpg,apneumatic
times-213.jpg,unhoard
times-214.jpg,Morgana
times-215.jpg,colemouse
times-216.jpg,woodshop
times-217.jpg,rigolette
times-218.jpg,unreaped
times-219.jpg,genecology
times-220.jpg,Arctiidae
times-221.jpg,subgens
times-222.jpg,phyllosoma
times-223.jpg,excoriate
times-224.jpg,disperiwig
times-225.jpg,athecate
times-226.jpg,demonship
times-227.jpg,kulang
times-228.jpg,drouk
times-229.jpg,acroterial
times-230.jpg,cleruchic
times-231.jpg,Serapis
times-232.jpg,glooming
times-233.jpg,persimmon
times-234.jpg,dose
times-235.jpg,skepticism
times-236.jpg,swotter
times-237.jpg,unextorted
times-238.jpg,chewink
times-239.jpg,rebeget
times-240.jpg,unrecreant
times-241.jpg,dardanium
times-242.jpg,wheatland
times-243.jpg,fadge
times-244.jpg,neoclassic
times-245.jpg,orologist
times-246.jpg,precover
times-247.jpg,goniatitid
times-248.jpg,clisere
times-249.jpg,uninweaved
times-250.jpg,disyoke
times-251.jpg,disquieted
times-252.jpg,piscine
times-253.jpg,uvulotome
times-254.jpg,encinal
times-255.jpg,turbanless
times-256.jpg,Caelum
times-257.jpg,breakstone
times-258.jpg,beledgered
times-259.jpg,preaccuse
times-260.jpg,sheyle
times-261.jpg,breakdown
times-262.jpg,unpiety
times-263.jpg,superfine
times-264.jpg,ablepharia
times-265.jpg,pennate
times-266.jpg,Riemannian
times-267.jpg,trace
times-268.jpg,Balaic
times-269.jpg,hulotheism
times-270.jpg,polarogram
times-271.jpg,ectobatic
times-272.jpg,undergo
times-273.jpg,unwarnedly
times-274.jpg,outbow
times-275.jpg,lassock
times-276.jpg,Jacobean
times-277.jpg,exophoric
times-278.jpg,equable
times-279.jpg,Magdalene
times-280.jpg,lambhood
times-281.jpg,conical
times-282.jpg,equipaga
times-283.jpg,precooling
times-284.jpg,Asterias
times-285.jpg,Claire
times-286.jpg,Zaphrentis
times-287.jpg,Paraiyan
times-288.jpg,calfish
times-289.jpg,cosecant
times-290.jpg,sleevelike
times-291.jpg,rustly
times-292.jpg,swingtree
times-293.jpg,Londonish
times-294.jpg,calamiform
times-295.jpg,unenriched
times-296.jpg,Iphimedia
times-297.jpg,moul
times-298.jpg,hurdies
times-299.jpg,orbless
times-300.jpg,asynartete
times-301.jpg,basophilia
times-302.jpg,ovoidal
times-303.jpg,penetrator
times-304.jpg,Chiam
times-305.jpg,proatlas
times-306.jpg,Lamista
times-307.jpg,scurfily
times-308.jpg,drivewell
times-309.jpg,Sorbonical
times-310.jpg,spydom
times-311.jpg,vaagmer
times-312.jpg,vocability
times-313.jpg,twitcher
times-314.jpg,gelidly
times-315.jpg,featy
times-316.jpg,unwinnable
times-317.jpg,sprit
times-318.jpg,choiceness
times-319.jpg,Tartar
times-320.jpg,rekill
times-321.jpg,objectify
times-322.jpg,canaster
times-323.jpg,rancescent
times-324.jpg,sphendone
times-325.jpg,watchwise
times-326.jpg,liver
times-327.jpg,csardas
times-328.jpg,teasler
times-329.jpg,Rechabite
times-330.jpg,offset
times-331.jpg,fairkeeper
times-332.jpg,prorsal
times-333.jpg,Igbira
times-334.jpg,paeanism
times-335.jpg,newsmonger
times-336.jpg,Loxodonta
times-337.jpg,scuffly
times-338.jpg,cabob
times-339.jpg,mawbound
times-340.jpg,senesce
times-341.jpg,myxopodan
times-342.jpg,canonizer
times-343.jpg,somnipathy
times-344.jpg,poleax
times-345.jpg,overcoil
times-346.jpg,aplanat
times-347.jpg,nidulus
times-348.jpg,teameo
times-349.jpg,overmantle
times-350.jpg,Coccoloba
times-351.jpg,planorboid
times-352.jpg,steadiness
times-353.jpg,propendent
times-354.jpg,Gaditan
times-355.jpg,opodidymus
times-356.jpg,grassiness
times-357.jpg,resorcine
times-358.jpg,spyship
times-359.jpg,Bribri
times-360.jpg,morassy
times-361.jpg,largemouth
times-362.jpg,Zion
times-363.jpg,parsec
times-364.jpg,immoralism
times-365.jpg,crambid
times-366.jpg,twankle
times-367.jpg,Agrionidae
times-368.jpg,stintless
times-369.jpg,coldfinch
times-370.jpg,generalty
times-371.jpg,bullpates
times-372.jpg,citrean
times-373.jpg,scrotum
times-374.jpg,unsoul
times-375.jpg,revisit
times-376.jpg,reedplot
times-377.jpg,overfall
times-378.jpg,agriology
times-379.jpg,crinanite
times-380.jpg,hypocrize
times-381.jpg,enterocyst
times-382.jpg,gallwort
times-383.jpg,Anasazi
times-384.jpg,free
times-385.jpg,Mauritia
times-386.jpg,serving
times-387.jpg,barrelwise
times-388.jpg,provedly
times-389.jpg,crosswise
times-390.jpg,skuse
times-391.jpg,abridgment
times-392.jpg,renky
times-393.jpg,statute
times-394.jpg,alismoid
times-395.jpg,trundler
times-396.jpg,stateless
times-397.jpg,Synaptera
times-398.jpg,addedly
times-399.jpg,unlid
times-400.jpg,Bartonia
times-401.jpg,unendued
times-402.jpg,checkbird
times-403.jpg,dorbeetle
times-404.jpg,virtuose
times-405.jpg,housefly
times-406.jpg,Erie
times-407.jpg,notum
times-408.jpg,disomus
times-409.jpg,batfish
times-410.jpg,dungy
times-411.jpg,fatality
times-412.jpg,remirror
times-413.jpg,tyking
times-414.jpg,akcheh
times-415.jpg,necrose
times-416.jpg,rowdydow
times-417.jpg,hypantrum
times-418.jpg,landreeve
times-419.jpg,subcreek
times-420.jpg,afeared
times-421.jpg,allylamine
times-422.jpg,optical
times-423.jpg,freckling
times-424.jpg,licking
times-425.jpg,overdeepen
times-426.jpg,Ahtena
times-427.jpg,gestalter
times-428.jpg,myoxine
times-429.jpg,nerving
times-430.jpg,exoterics
times-431.jpg,supination
times-432.jpg,Argonauta
times-433.jpg,ciconioid
times-434.jpg,undertest
times-435.jpg,wagglingly
times-436.jpg,emptily
times-437.jpg,Faulkland
times-438.jpg,shutting
times-439.jpg,carucal
times-440.jpg,calangay
times-441.jpg,pitcherman
times-442.jpg,atomity
times-443.jpg,reburden
times-444.jpg,Carlina
times-445.jpg,trustfully
times-446.jpg,uncrafty
times-447.jpg,bishopship
times-448.jpg,Tagakaolo
times-449.jpg,typhoidal
times-450.jpg,iliotibial
times-451.jpg,histiocyte
times-452.jpg,firstcomer
times-453.jpg,ravagement
times-454.jpg,coumarone
times-455.jpg,candlenut
times-456.jpg,zetetic
times-457.jpg,downstage
times-458.jpg,tebbet
times-459.jpg,protegulum
times-460.jpg,arsheen
times-461.jpg,quarters
times-462.jpg,positively
times-463.jpg,nonmarital
times-464.jpg,paraxial
times-465.jpg,bractea
times-466.jpg,dissociant
times-467.jpg,fulsome
times-468.jpg,parleyer
times-469.jpg,Jacunda
times-470.jpg,blackbush
times-471.jpg,baar
times-472.jpg,shod
times-473.jpg,paraspy
times-474.jpg,kelter
times-475.jpg,cobberer
times-476.jpg,Ceratodus
times-477.jpg,casalty
times-478.jpg,taluka
times-479.jpg,unupright
times-480.jpg,indicable
times-481.jpg,reedling
times-482.jpg,airedale
times-483.jpg,ceral
times-484.jpg,patrioteer
times-485.jpg,becall
times-486.jpg,asternia
times-487.jpg,superfix
times-488.jpg,gargoyled
times-489.jpg,Migonitis
times-490.jpg,Tounatea
times-491.jpg,strive
times-492.jpg,Antoinette
times-493.jpg,shipwreck
times-494.jpg,Omagua
times-495.jpg,stromal
times-496.jpg,firebolted
times-497.jpg,nurture
times-498.jpg,rectorship
times-499.jpg,ways
times-500.jpg,Pueblo
times-501.jpg,cupcake
times-502.jpg,zoosporic
times-503.jpg,ponderable
times-504.jpg,Stylonurus
times-505.jpg,congenital
times-506.jpg,keratode
times-507.jpg,forewoman
times-508.jpg,unsagging
times-509.jpg,girandola
times-510.jpg,tranky
times-511.jpg,stir
times-512.jpg,tunably
times-513.jpg,admirative
times-514.jpg,butlery
times-515.jpg,martensite
times-516.jpg,interplait
times-517.jpg,fablemaker
times-518.jpg,strawsmear
times-519.jpg,occursive
times-520.jpg,unvarying
times-521.jpg,catalytic
times-522.jpg,unnovercal
times-523.jpg,quixotry
times-524.jpg,nibbler
times-525.jpg,tailfirst
times-526.jpg,underwrap
times-527.jpg,undecked
times-528.jpg,Pamirian
times-529.jpg,adarme
times-530.jpg,quatrino
times-531.jpg,binna
times-532.jpg,marakapas
times-533.jpg,foisty
times-534.jpg,misedit
times-535.jpg,ladyly
times-536.jpg,Malthe
times-537.jpg,Dian
times-538.jpg,Palaquium
times-539.jpg,unfishable
times-540.jpg,scabinus
times-541.jpg,tart
times-542.jpg,forcer
times-543.jpg,propione
times-544.jpg,Ostreidae
times-545.jpg,whet
times-546.jpg,troopfowl
times-547.jpg,totalness
times-548.jpg,chiotilla
times-549.jpg,parietary
times-550.jpg,artist
times-551.jpg,imp
times-552.jpg,secularist
times-553.jpg,thickness
times-554.jpg,Angolese
times-555.jpg,hidden
times-556.jpg,thetics
times-557.jpg,browst
times-558.jpg,bemail
times-559.jpg,shibboleth
times-560.jpg,phosphonic
times-561.jpg,visionally
times-562.jpg,gregaritic
times-563.jpg,vagrantism
times-564.jpg,Phigalian
times-565.jpg,apophatic
times-566.jpg,cipherhood
times-567.jpg,Tachardia
times-568.jpg,usurpature
times-569.jpg,fuchsone
times-570.jpg,terbic
times-571.jpg,cometlike
times-572.jpg,antimask
times-573.jpg,dirtbird
times-574.jpg,eventually
times-575.jpg,marvelment
times-576.jpg,presbytery
times-577.jpg,Melanoplus
times-578.jpg,thereness
times-579.jpg,toxiphobia
times-580.jpg,jugulum
times-581.jpg,unsole
times-582.jpg,Tod
times-583.jpg,craftless
times-584.jpg,pourer
times-585.jpg,coloratura
times-586.jpg,underdrift
times-587.jpg,Millerite
times-588.jpg,unengraven
times-589.jpg,Caranx
times-590.jpg,usefulness
times-591.jpg,lytic
times-592.jpg,cytogamy
times-593.jpg,spirt
times-594.jpg,hetter
times-595.jpg,Erigeron
times-596.jpg,sthenia
times-597.jpg,Randolph
times-598.jpg,scrutoire
times-599.jpg,jours
times-600.jpg,atmometer
times-601.jpg,enjoying
times-602.jpg,cam
times-603.jpg,homogeneal
times-604.jpg,alginic
times-605.jpg,twick
times-606.jpg,twilight
times-607.jpg,conidial
times-608.jpg,yellowish
times-609.jpg,Tamulic
times-610.jpg,front
times-611.jpg,polyester
times-612.jpg,Dora
times-613.jpg,multilobe
times-614.jpg,vortices
times-615.jpg,ethylate
times-616.jpg,uncoil
times-617.jpg,Catalan
times-618.jpg,glareous
times-619.jpg,periastral
times-620.jpg,mammilloid
times-621.jpg,ostensible
times-622.jpg,arbalester
times-623.jpg,reinduce
times-624.jpg,sumbulic
times-625.jpg,raphide
times-626.jpg,skybal
times-627.jpg,neophobia
times-628.jpg,enmass
times-629.jpg,bemoaner
times-630.jpg,shading
times-631.jpg,nettlewort
times-632.jpg,sepicolous
times-633.jpg,quandong
times-634.jpg,marrowbone
times-635.jpg,lepidopter
times-636.jpg,leucotome
times-637.jpg,Nematocera
times-638.jpg,botuliform
times-639.jpg,trust
times-640.jpg,maestri
times-641.jpg,proteinic
times-642.jpg,tittlebat
times-643.jpg,Iacchic
times-644.jpg,histone
times-645.jpg,nontourist
times-646.jpg,archpiece
times-647.jpg,occupancy
times-648.jpg,opponent
times-649.jpg,alltud
times-650.jpg,sevener
times-651.jpg,silkgrower
times-652.jpg,exoenzyme
times-653.jpg,subbailie
times-654.jpg,Phanariot
times-655.jpg,finesse
times-656.jpg,ebriate
times-657.jpg,batara
times-658.jpg,preverify
times-659.jpg,fuye
times-660.jpg,vacantness
times-661.jpg,oillet
times-662.jpg,plucky
times-663.jpg,Mangbattu
times-664.jpg,autoscopic
times-665.jpg,submontane
times-666.jpg,Caesardom
times-667.jpg,eudaemonia
times-668.jpg,read
times-669.jpg,matzo
times-670.jpg,Sterno
times-671.jpg,Koine
times-672.jpg,ovaloid
times-673.jpg,antarchy
times-674.jpg,unhastened
times-675.jpg,bitume
times-676.jpg,container
times-677.jpg,beswim
times-678.jpg,gemellione
times-679.jpg,vingerhoed
times-680.jpg,professory
times-681.jpg,prestomium
times-682.jpg,subvaginal
times-683.jpg,cachexic
times-684.jpg,seawoman
times-685.jpg,pitchlike
times-686.jpg,Karroo
times-687.jpg,smellsome
times-688.jpg,habited
times-689.jpg,enlarger
times-690.jpg,retainable
times-691.jpg,Baphomet
times-692.jpg,unmocking
times-693.jpg,phenakism
times-694.jpg,placard
times-695.jpg,inadequate
times-696.jpg,sternways
times-697.jpg,warrantee
times-698.jpg,breakwind
times-699.jpg,camphor
times-700.jpg,somatocyst
times-701.jpg,Vagnera
times-702.jpg,overgang
times-703.jpg,violist
times-704.jpg,aftosa
times-705.jpg,bromism
times-706.jpg,Whitmanese
times-707.jpg,mensal
times-708.jpg,cudweed
times-709.jpg,spiraster
times-710.jpg,kerneled
times-711.jpg,torpedoist
times-712.jpg,primrose
times-713.jpg,Geonim
times-714.jpg,repurify
times-715.jpg,iodohydrin
times-716.jpg,stylops
times-717.jpg,Blayne
times-718.jpg,wattlework
times-719.jpg,unfumbling
times-720.jpg,brought
times-721.jpg,crossbill
times-722.jpg,fasciolar
times-723.jpg,squibber
times-724.jpg,pinscher
times-725.jpg,vitiated
times-726.jpg,impalpably
times-727.jpg,Stephan
times-728.jpg,unpressed
times-729.jpg,commentate
times-730.jpg,battercake
times-731.jpg,asquirm
times-732.jpg,leptorrhin
times-733.jpg,philopagan
times-734.jpg,unseizable
times-735.jpg,stinker
times-736.jpg,twinkling
times-737.jpg,pathed
times-738.jpg,demonian
times-739.jpg,prerefusal
times-740.jpg,ugliness
times-741.jpg,poalike
times-742.jpg,ounds
times-743.jpg,marysole
times-744.jpg,unvaried
times-745.jpg,minuter
times-746.jpg,gyron
times-747.jpg,turlough
times-748.jpg,Italici
times-749.jpg,melos
times-750.jpg,Pyramidist
times-751.jpg,maremmatic
times-752.jpg,imparter
times-753.jpg,Pinguicula
times-754.jpg,overblame
times-755.jpg,underactor
times-756.jpg,unperjured
times-757.jpg,murkiness
times-758.jpg,categorem
times-759.jpg,Siouan
times-760.jpg,rifeness
times-761.jpg,shire
times-762.jpg,fiendful
times-763.jpg,metaplasis
times-764.jpg,outfall
times-765.jpg,bara
times-766.jpg,stummer
times-767.jpg,promiseful
times-768.jpg,owergang
times-769.jpg,dipnoan
times-770.jpg,china
times-771.jpg,reflector
times-772.jpg,metapleure
times-773.jpg,trigone
times-774.jpg,citric
times-775.jpg,demilion
times-776.jpg,gargety
times-777.jpg,rebehold
times-778.jpg,Harold
times-779.jpg,rubbishry
times-780.jpg,graphical
times-781.jpg,dolciano
times-782.jpg,sursolid
times-783.jpg,winegrower
times-784.jpg,emporia
times-785.jpg,adequation
times-786.jpg,nanosoma
times-787.jpg,biseptate
times-788.jpg,cherisher
times-789.jpg,molality
times-790.jpg,manipular
times-791.jpg,Carolyn
times-792.jpg,prudery
times-793.jpg,impotence
times-794.jpg,unburied
times-795.jpg,acceptable
times-796.jpg,exalate
times-797.jpg,impotable
times-798.jpg,foreskirt
times-799.jpg,untramped
times-800.jpg,almon
times-801.jpg,retailor
times-802.jpg,minimize
times-803.jpg,fleechment
times-804.jpg,retrocecal
times-805.jpg,Lucanus
times-806.jpg,mandolin
times-807.jpg,anorganism
times-808.jpg,Ati
times-809.jpg,phrenesiac
times-810.jpg,serolin
times-811.jpg,brideless
times-812.jpg,rollock
times-813.jpg,monazine
times-814.jpg,semilichen
times-815.jpg,peeler
times-816.jpg,anoestrus
times-817.jpg,chiefship
times-818.jpg,void
times-819.jpg,beastlings
times-820.jpg,Ibsenic
times-821.jpg,offhand
times-822.jpg,burnoosed
times-823.jpg,goric
times-824.jpg,involuted
times-825.jpg,deodorizer
times-826.jpg,Mara
times-827.jpg,dilated
times-828.jpg,sarcocele
times-829.jpg,standstill
times-830.jpg,myiasis
times-831.jpg,impendence
times-832.jpg,Maori
times-833.jpg,amazement
times-834.jpg,talus
times-835.jpg,farad
times-836.jpg,mallum
times-837.jpg,stimulator
times-838.jpg,Hyolithes
times-839.jpg,bowieful
times-840.jpg,monocline
times-841.jpg,surnap
times-842.jpg,foldable
times-843.jpg,stella
times-844.jpg,Dicksonia
times-845.jpg,epaxially
times-846.jpg,sylvestral
times-847.jpg,sundik
times-848.jpg,nidatory
times-849.jpg,sparterie
times-850.jpg,limnanth
times-851.jpg,Didelphis
times-852.jpg,fleam
times-853.jpg,untirable
times-854.jpg,surrogate
times-855.jpg,windup
times-856.jpg,hurr
times-857.jpg,Asianic
times-858.jpg,squinted
times-859.jpg,homeomorph
times-860.jpg,foster
times-861.jpg,monoformin
times-862.jpg,hafnyl
times-863.jpg,neurofil
times-864.jpg,acervulus
times-865.jpg,Combretum
times-866.jpg,trehalase
times-867.jpg,Shinwari
times-868.jpg,oxonium
times-869.jpg,elaidic
times-870.jpg,pelycogram
times-871.jpg,colly
times-872.jpg,pomeridian
times-873.jpg,sorefalcon
times-874.jpg,shifting
times-875.jpg,overlusty
times-876.jpg,aye
times-877.jpg,rashing
times-878.jpg,capstan
times-879.jpg,tipteerer
times-880.jpg,resorption
times-881.jpg,unspitted
times-882.jpg,wrothfully
times-883.jpg,wishness
times-884.jpg,garneter
times-885.jpg,cortez
times-886.jpg,catalufa
times-887.jpg,Raman
times-888.jpg,spogel
times-889.jpg,manducable
times-890.jpg,ingenit
times-891.jpg,pilgrimism
times-892.jpg,monzonite
times-893.jpg,Alhambra
times-894.jpg,aogiri
times-895.jpg,Amphigaea
times-896.jpg,flocky
times-897.jpg,blandness
times-898.jpg,batswing
times-899.jpg,hircocerf
times-900.jpg,lymantriid
times-901.jpg,baldachino
times-902.jpg,Tollefsen
times-903.jpg,hypsiloid
times-904.jpg,suborganic
times-905.jpg,urinative
times-906.jpg,herdship
times-907.jpg,shapometer
times-908.jpg,drucken
times-909.jpg,Euripidean
times-910.jpg,mayweed
times-911.jpg,kedgeree
times-912.jpg,mudskipper
times-913.jpg,readerdom
times-914.jpg,grith
times-915.jpg,staggard
times-916.jpg,bisulphate
times-917.jpg,inface
times-918.jpg,urolytic
times-919.jpg,isobare
times-920.jpg,Tcawi
times-921.jpg,unvoice
times-922.jpg,Sikhism
times-923.jpg,imposure
times-924.jpg,pokable
times-925.jpg,batter
times-926.jpg,suety
times-927.jpg,ectental
times-928.jpg,revolvency
times-929.jpg,velaric
times-930.jpg,asmear
times-931.jpg,inimicable
times-932.jpg,streamhead
times-933.jpg,dionise
times-934.jpg,Ciconia
times-935.jpg,solaneine
times-936.jpg,pyrolatry
times-937.jpg,larkingly
times-938.jpg,systatic
times-939.jpg,redshank
times-940.jpg,noxa
times-941.jpg,minuteman
times-942.jpg,Aglaspis
times-943.jpg,charter
times-944.jpg,Maria
times-945.jpg,vanglo
times-946.jpg,blackfire
times-947.jpg,sapodilla
times-948.jpg,Pardanthus
times-949.jpg,aeonial
times-950.jpg,leucophore
times-951.jpg,Apulian
times-952.jpg,disparager
times-953.jpg,treader
times-954.jpg,ten
times-955.jpg,looten
times-956.jpg,shrimpish
times-957.jpg,shyer
times-958.jpg,coalrake
times-959.jpg,readhere
times-960.jpg,piso
times-961.jpg,criminous
times-962.jpg,unexcised
times-963.jpg,unbuffed
times-964.jpg,coseismic
times-965.jpg,involutory
times-966.jpg,iridious
times-967.jpg,Daltonic
times-968.jpg,calpulli
times-969.jpg,Thebesian
times-970.jpg,colorfully
times-971.jpg,andrewsite
times-972.jpg,ruelike
times-973.jpg,soree
times-974.jpg,Listerize
times-975.jpg,Helge
times-976.jpg,minister
times-977.jpg,Banba
times-978.jpg,rhetorize
times-979.jpg,delegatee
times-980.jpg,denierer
times-981.jpg,larkling
times-982.jpg,typhomania
times-983.jpg,myocoele
times-984.jpg,fluate
times-985.jpg,coteline
times-986.jpg,repurple
times-987.jpg,restuff
times-988.jpg,burgall
times-989.jpg,shark
times-990.jpg,versant
times-991.jpg,resurvey
times-992.jpg,expenditor
times-993.jpg,deepish
times-994.jpg,iatrical
times-995.jpg,pulpy
times-996.jpg,waitership
times-997.jpg,Danegeld
times-998.jpg,foxiness
times-999.jpg,shaveling
times-1000.jpg,symphrase
times-1001.jpg,electoral
times-1002.jpg,Don
times-1003.jpg,ballatoon
times-1004.jpg,pachyacria
times-1005.jpg,eegrass
times-1006.jpg,pintadoite
times-1007.jpg,alveola
times-1008.jpg,hylobatian
times-1009.jpg,missing
times-1010.jpg,Turcoman
times-1011.jpg,dicyclic
times-1012.jpg,matara
times-1013.jpg,allozooid
times-1014.jpg,takings
times-1015.jpg,suction
times-1016.jpg,chichipate
times-1017.jpg,Johannean
times-1018.jpg,objection
times-1019.jpg,graybeard
times-1020.jpg,pinking
times-1021.jpg,applaud
times-1022.jpg,Spirifer
times-1023.jpg,escalado
times-1024.jpg,Quiche
times-1025.jpg,lemonweed
times-1026.jpg,Corallium
times-1027.jpg,bifer
times-1028.jpg,isthmial
times-1029.jpg,crooksided
times-1030.jpg,thalposis
times-1031.jpg,stradine
times-1032.jpg,cognizable
times-1033.jpg,synorchism
times-1034.jpg,mossed
times-1035.jpg,lymph
times-1036.jpg,osteosis
times-1037.jpg,gemmipara
times-1038.jpg,arborical
times-1039.jpg,rhegmatypy
times-1040.jpg,Maumee
times-1041.jpg,cholemia
times-1042.jpg,mukluk
times-1043.jpg,phorometer
times-1044.jpg,greenside
times-1045.jpg,nonvisaed
times-1046.jpg,mal
times-1047.jpg,platina
times-1048.jpg,Koungmiut
times-1049.jpg,inquestual
times-1050.jpg,hilch
times-1051.jpg,propago
times-1052.jpg,recusative
times-1053.jpg,loss
times-1054.jpg,recusant
times-1055.jpg,lesson
times-1056.jpg,brede
times-1057.jpg,thestreen
times-1058.jpg,Ned
times-1059.jpg,minding
times-1060.jpg,summut
times-1061.jpg,curuba
times-1062.jpg,asprawl
times-1063.jpg,unbothered
times-1064.jpg,Plotinist
times-1065.jpg,acleistous
times-1066.jpg,taglike
times-1067.jpg,moonsail
times-1068.jpg,spuilzie
times-1069.jpg,neglectful
times-1070.jpg,tutorage
times-1071.jpg,dissembly
times-1072.jpg,adless
times-1073.jpg,revoluted
times-1074.jpg,uglily
times-1075.jpg,pawing
times-1076.jpg,Limodorum
times-1077.jpg,memorably
times-1078.jpg,formality
times-1079.jpg,boll
times-1080.jpg,bakula
times-1081.jpg,Artemis
times-1082.jpg,hallower
times-1083.jpg,Steve
times-1084.jpg,Wodenism
times-1085.jpg,guggle
times-1086.jpg,preboil
times-1087.jpg,bargeman
times-1088.jpg,tung
times-1089.jpg,reptiloid
times-1090.jpg,resell
times-1091.jpg,anoil
times-1092.jpg,faulter
times-1093.jpg,Wintun
times-1094.jpg,wassie
times-1095.jpg,spied
times-1096.jpg,polarly
times-1097.jpg,adjuration
times-1098.jpg,Mordvinian
times-1099.jpg,diplasic
